,previous_state,current_state
1,"[[1, 3, 5], [2, 6, 4], [7, 8, 0]]","[[1, 3, 5], [2, 6, 0], [7, 8, 4]]"
2,"[[1, 3, 5], [2, 6, 4], [7, 8, 0]]","[[1, 3, 5], [2, 6, 4], [7, 0, 8]]"
3,"[[1, 3, 5], [2, 6, 0], [7, 8, 4]]","[[1, 3, 0], [2, 6, 5], [7, 8, 4]]"
4,"[[1, 3, 5], [2, 6, 0], [7, 8, 4]]","[[1, 3, 5], [2, 0, 6], [7, 8, 4]]"
5,"[[1, 3, 5], [2, 6, 4], [7, 0, 8]]","[[1, 3, 5], [2, 0, 4], [7, 6, 8]]"
6,"[[1, 3, 5], [2, 6, 4], [7, 0, 8]]","[[1, 3, 5], [2, 6, 4], [0, 7, 8]]"
7,"[[1, 3, 0], [2, 6, 5], [7, 8, 4]]","[[1, 0, 3], [2, 6, 5], [7, 8, 4]]"
8,"[[1, 3, 5], [2, 0, 6], [7, 8, 4]]","[[1, 3, 5], [0, 2, 6], [7, 8, 4]]"
9,"[[1, 3, 5], [2, 0, 6], [7, 8, 4]]","[[1, 0, 5], [2, 3, 6], [7, 8, 4]]"
10,"[[1, 3, 5], [2, 0, 6], [7, 8, 4]]","[[1, 3, 5], [2, 8, 6], [7, 0, 4]]"
11,"[[1, 3, 5], [2, 0, 4], [7, 6, 8]]","[[1, 3, 5], [0, 2, 4], [7, 6, 8]]"
12,"[[1, 3, 5], [2, 0, 4], [7, 6, 8]]","[[1, 3, 5], [2, 4, 0], [7, 6, 8]]"
13,"[[1, 3, 5], [2, 0, 4], [7, 6, 8]]","[[1, 0, 5], [2, 3, 4], [7, 6, 8]]"
14,"[[1, 3, 5], [2, 6, 4], [0, 7, 8]]","[[1, 3, 5], [0, 6, 4], [2, 7, 8]]"
15,"[[1, 0, 3], [2, 6, 5], [7, 8, 4]]","[[0, 1, 3], [2, 6, 5], [7, 8, 4]]"
16,"[[1, 3, 5], [0, 2, 6], [7, 8, 4]]","[[0, 3, 5], [1, 2, 6], [7, 8, 4]]"
17,"[[1, 3, 5], [0, 2, 6], [7, 8, 4]]","[[1, 3, 5], [7, 2, 6], [0, 8, 4]]"
18,"[[1, 0, 3], [2, 6, 5], [7, 8, 4]]","[[1, 6, 3], [2, 0, 5], [7, 8, 4]]"
19,"[[1, 3, 5], [2, 8, 6], [7, 0, 4]]","[[1, 3, 5], [2, 8, 6], [7, 4, 0]]"
20,"[[1, 0, 5], [2, 3, 6], [7, 8, 4]]","[[1, 5, 0], [2, 3, 6], [7, 8, 4]]"
21,"[[1, 0, 5], [2, 3, 6], [7, 8, 4]]","[[0, 1, 5], [2, 3, 6], [7, 8, 4]]"
22,"[[1, 3, 5], [2, 4, 0], [7, 6, 8]]","[[1, 3, 0], [2, 4, 5], [7, 6, 8]]"
23,"[[1, 3, 5], [2, 8, 6], [7, 0, 4]]","[[1, 3, 5], [2, 8, 6], [0, 7, 4]]"
24,"[[1, 3, 5], [0, 2, 4], [7, 6, 8]]","[[0, 3, 5], [1, 2, 4], [7, 6, 8]]"
25,"[[1, 3, 5], [2, 4, 0], [7, 6, 8]]","[[1, 3, 5], [2, 4, 8], [7, 6, 0]]"
26,"[[1, 3, 5], [0, 2, 4], [7, 6, 8]]","[[1, 3, 5], [7, 2, 4], [0, 6, 8]]"
27,"[[1, 0, 5], [2, 3, 4], [7, 6, 8]]","[[1, 5, 0], [2, 3, 4], [7, 6, 8]]"
28,"[[1, 6, 3], [2, 0, 5], [7, 8, 4]]","[[1, 6, 3], [0, 2, 5], [7, 8, 4]]"
29,"[[1, 6, 3], [2, 0, 5], [7, 8, 4]]","[[1, 6, 3], [2, 5, 0], [7, 8, 4]]"
30,"[[0, 1, 3], [2, 6, 5], [7, 8, 4]]","[[2, 1, 3], [0, 6, 5], [7, 8, 4]]"
31,"[[1, 0, 5], [2, 3, 4], [7, 6, 8]]","[[0, 1, 5], [2, 3, 4], [7, 6, 8]]"
32,"[[1, 3, 5], [0, 6, 4], [2, 7, 8]]","[[0, 3, 5], [1, 6, 4], [2, 7, 8]]"
33,"[[1, 3, 5], [0, 6, 4], [2, 7, 8]]","[[1, 3, 5], [6, 0, 4], [2, 7, 8]]"
34,"[[1, 3, 5], [7, 2, 6], [0, 8, 4]]","[[1, 3, 5], [7, 2, 6], [8, 0, 4]]"
35,"[[1, 6, 3], [2, 0, 5], [7, 8, 4]]","[[1, 6, 3], [2, 8, 5], [7, 0, 4]]"
36,"[[0, 3, 5], [1, 2, 6], [7, 8, 4]]","[[3, 0, 5], [1, 2, 6], [7, 8, 4]]"
37,"[[1, 3, 0], [2, 4, 5], [7, 6, 8]]","[[1, 0, 3], [2, 4, 5], [7, 6, 8]]"
38,"[[1, 3, 5], [2, 8, 6], [7, 4, 0]]","[[1, 3, 5], [2, 8, 0], [7, 4, 6]]"
39,"[[1, 5, 0], [2, 3, 6], [7, 8, 4]]","[[1, 5, 6], [2, 3, 0], [7, 8, 4]]"
40,"[[0, 1, 5], [2, 3, 6], [7, 8, 4]]","[[2, 1, 5], [0, 3, 6], [7, 8, 4]]"
41,"[[1, 6, 3], [2, 5, 0], [7, 8, 4]]","[[1, 6, 3], [2, 5, 4], [7, 8, 0]]"
42,"[[1, 3, 5], [2, 8, 6], [0, 7, 4]]","[[1, 3, 5], [0, 8, 6], [2, 7, 4]]"
43,"[[1, 3, 5], [2, 4, 8], [7, 6, 0]]","[[1, 3, 5], [2, 4, 8], [7, 0, 6]]"
44,"[[1, 6, 3], [0, 2, 5], [7, 8, 4]]","[[0, 6, 3], [1, 2, 5], [7, 8, 4]]"
45,"[[1, 6, 3], [2, 5, 0], [7, 8, 4]]","[[1, 6, 0], [2, 5, 3], [7, 8, 4]]"
46,"[[1, 6, 3], [0, 2, 5], [7, 8, 4]]","[[1, 6, 3], [7, 2, 5], [0, 8, 4]]"
47,"[[2, 1, 3], [0, 6, 5], [7, 8, 4]]","[[2, 1, 3], [6, 0, 5], [7, 8, 4]]"
48,"[[2, 1, 3], [0, 6, 5], [7, 8, 4]]","[[2, 1, 3], [7, 6, 5], [0, 8, 4]]"
49,"[[1, 3, 5], [7, 2, 4], [0, 6, 8]]","[[1, 3, 5], [7, 2, 4], [6, 0, 8]]"
50,"[[0, 3, 5], [1, 2, 4], [7, 6, 8]]","[[3, 0, 5], [1, 2, 4], [7, 6, 8]]"
51,"[[1, 3, 5], [7, 2, 6], [8, 0, 4]]","[[1, 3, 5], [7, 2, 6], [8, 4, 0]]"
52,"[[1, 6, 3], [2, 8, 5], [7, 0, 4]]","[[1, 6, 3], [2, 8, 5], [7, 4, 0]]"
53,"[[3, 0, 5], [1, 2, 6], [7, 8, 4]]","[[3, 2, 5], [1, 0, 6], [7, 8, 4]]"
54,"[[3, 0, 5], [1, 2, 6], [7, 8, 4]]","[[3, 5, 0], [1, 2, 6], [7, 8, 4]]"
55,"[[1, 5, 0], [2, 3, 4], [7, 6, 8]]","[[1, 5, 4], [2, 3, 0], [7, 6, 8]]"
56,"[[1, 0, 3], [2, 4, 5], [7, 6, 8]]","[[0, 1, 3], [2, 4, 5], [7, 6, 8]]"
57,"[[1, 3, 5], [2, 8, 0], [7, 4, 6]]","[[1, 3, 0], [2, 8, 5], [7, 4, 6]]"
58,"[[1, 3, 5], [7, 2, 6], [8, 0, 4]]","[[1, 3, 5], [7, 0, 6], [8, 2, 4]]"
59,"[[1, 0, 3], [2, 4, 5], [7, 6, 8]]","[[1, 4, 3], [2, 0, 5], [7, 6, 8]]"
60,"[[1, 5, 6], [2, 3, 0], [7, 8, 4]]","[[1, 5, 6], [2, 0, 3], [7, 8, 4]]"
61,"[[1, 5, 6], [2, 3, 0], [7, 8, 4]]","[[1, 5, 6], [2, 3, 4], [7, 8, 0]]"
62,"[[1, 6, 3], [2, 8, 5], [7, 0, 4]]","[[1, 6, 3], [2, 8, 5], [0, 7, 4]]"
63,"[[1, 3, 5], [6, 0, 4], [2, 7, 8]]","[[1, 3, 5], [6, 4, 0], [2, 7, 8]]"
64,"[[0, 1, 5], [2, 3, 4], [7, 6, 8]]","[[2, 1, 5], [0, 3, 4], [7, 6, 8]]"
65,"[[1, 3, 5], [2, 8, 0], [7, 4, 6]]","[[1, 3, 5], [2, 0, 8], [7, 4, 6]]"
66,"[[1, 6, 3], [2, 5, 4], [7, 8, 0]]","[[1, 6, 3], [2, 5, 4], [7, 0, 8]]"
67,"[[1, 3, 5], [6, 0, 4], [2, 7, 8]]","[[1, 0, 5], [6, 3, 4], [2, 7, 8]]"
68,"[[1, 3, 5], [6, 0, 4], [2, 7, 8]]","[[1, 3, 5], [6, 7, 4], [2, 0, 8]]"
69,"[[0, 3, 5], [1, 6, 4], [2, 7, 8]]","[[3, 0, 5], [1, 6, 4], [2, 7, 8]]"
70,"[[1, 6, 0], [2, 5, 3], [7, 8, 4]]","[[1, 0, 6], [2, 5, 3], [7, 8, 4]]"
71,"[[2, 1, 3], [6, 0, 5], [7, 8, 4]]","[[2, 1, 3], [6, 5, 0], [7, 8, 4]]"
72,"[[2, 1, 5], [0, 3, 6], [7, 8, 4]]","[[2, 1, 5], [3, 0, 6], [7, 8, 4]]"
73,"[[2, 1, 5], [0, 3, 6], [7, 8, 4]]","[[2, 1, 5], [7, 3, 6], [0, 8, 4]]"
74,"[[1, 3, 5], [2, 4, 8], [7, 0, 6]]","[[1, 3, 5], [2, 4, 8], [0, 7, 6]]"
75,"[[1, 6, 3], [7, 2, 5], [0, 8, 4]]","[[1, 6, 3], [7, 2, 5], [8, 0, 4]]"
76,"[[2, 1, 3], [6, 0, 5], [7, 8, 4]]","[[2, 0, 3], [6, 1, 5], [7, 8, 4]]"
77,"[[2, 1, 3], [6, 0, 5], [7, 8, 4]]","[[2, 1, 3], [6, 8, 5], [7, 0, 4]]"
78,"[[2, 1, 3], [7, 6, 5], [0, 8, 4]]","[[2, 1, 3], [7, 6, 5], [8, 0, 4]]"
79,"[[0, 6, 3], [1, 2, 5], [7, 8, 4]]","[[6, 0, 3], [1, 2, 5], [7, 8, 4]]"
80,"[[1, 3, 5], [0, 8, 6], [2, 7, 4]]","[[0, 3, 5], [1, 8, 6], [2, 7, 4]]"
81,"[[1, 3, 0], [2, 8, 5], [7, 4, 6]]","[[1, 0, 3], [2, 8, 5], [7, 4, 6]]"
82,"[[1, 3, 5], [7, 2, 6], [8, 4, 0]]","[[1, 3, 5], [7, 2, 0], [8, 4, 6]]"
83,"[[1, 3, 5], [7, 2, 4], [6, 0, 8]]","[[1, 3, 5], [7, 2, 4], [6, 8, 0]]"
84,"[[1, 3, 5], [0, 8, 6], [2, 7, 4]]","[[1, 3, 5], [8, 0, 6], [2, 7, 4]]"
85,"[[1, 4, 3], [2, 0, 5], [7, 6, 8]]","[[1, 4, 3], [0, 2, 5], [7, 6, 8]]"
86,"[[1, 4, 3], [2, 0, 5], [7, 6, 8]]","[[1, 4, 3], [2, 5, 0], [7, 6, 8]]"
87,"[[1, 4, 3], [2, 0, 5], [7, 6, 8]]","[[1, 4, 3], [2, 6, 5], [7, 0, 8]]"
88,"[[1, 5, 6], [2, 0, 3], [7, 8, 4]]","[[1, 5, 6], [0, 2, 3], [7, 8, 4]]"
89,"[[1, 6, 3], [2, 8, 5], [7, 4, 0]]","[[1, 6, 3], [2, 8, 0], [7, 4, 5]]"
90,"[[0, 1, 3], [2, 4, 5], [7, 6, 8]]","[[2, 1, 3], [0, 4, 5], [7, 6, 8]]"
91,"[[3, 2, 5], [1, 0, 6], [7, 8, 4]]","[[3, 2, 5], [0, 1, 6], [7, 8, 4]]"
92,"[[3, 0, 5], [1, 2, 4], [7, 6, 8]]","[[3, 2, 5], [1, 0, 4], [7, 6, 8]]"
93,"[[3, 2, 5], [1, 0, 6], [7, 8, 4]]","[[3, 2, 5], [1, 6, 0], [7, 8, 4]]"
94,"[[3, 2, 5], [1, 0, 6], [7, 8, 4]]","[[3, 2, 5], [1, 8, 6], [7, 0, 4]]"
95,"[[3, 0, 5], [1, 2, 4], [7, 6, 8]]","[[3, 5, 0], [1, 2, 4], [7, 6, 8]]"
96,"[[3, 5, 0], [1, 2, 6], [7, 8, 4]]","[[3, 5, 6], [1, 2, 0], [7, 8, 4]]"
97,"[[1, 3, 5], [7, 2, 4], [6, 0, 8]]","[[1, 3, 5], [7, 0, 4], [6, 2, 8]]"
98,"[[1, 5, 4], [2, 3, 0], [7, 6, 8]]","[[1, 5, 4], [2, 0, 3], [7, 6, 8]]"
99,"[[1, 5, 6], [2, 3, 4], [7, 8, 0]]","[[1, 5, 6], [2, 3, 4], [7, 0, 8]]"
100,"[[1, 5, 6], [2, 0, 3], [7, 8, 4]]","[[1, 5, 6], [2, 8, 3], [7, 0, 4]]"
101,"[[1, 6, 3], [2, 5, 4], [7, 0, 8]]","[[1, 6, 3], [2, 0, 4], [7, 5, 8]]"
102,"[[1, 6, 3], [2, 5, 4], [7, 0, 8]]","[[1, 6, 3], [2, 5, 4], [0, 7, 8]]"
103,"[[2, 1, 3], [6, 5, 0], [7, 8, 4]]","[[2, 1, 3], [6, 5, 4], [7, 8, 0]]"
104,"[[1, 3, 5], [7, 0, 6], [8, 2, 4]]","[[1, 0, 5], [7, 3, 6], [8, 2, 4]]"
105,"[[1, 3, 5], [6, 4, 0], [2, 7, 8]]","[[1, 3, 0], [6, 4, 5], [2, 7, 8]]"
106,"[[1, 3, 5], [2, 0, 8], [7, 4, 6]]","[[1, 3, 5], [0, 2, 8], [7, 4, 6]]"
107,"[[1, 3, 5], [7, 0, 6], [8, 2, 4]]","[[1, 3, 5], [0, 7, 6], [8, 2, 4]]"
108,"[[1, 3, 5], [7, 0, 6], [8, 2, 4]]","[[1, 3, 5], [7, 6, 0], [8, 2, 4]]"
109,"[[1, 5, 4], [2, 3, 0], [7, 6, 8]]","[[1, 5, 4], [2, 3, 8], [7, 6, 0]]"
110,"[[1, 6, 3], [2, 8, 5], [0, 7, 4]]","[[1, 6, 3], [0, 8, 5], [2, 7, 4]]"
111,"[[1, 0, 6], [2, 5, 3], [7, 8, 4]]","[[0, 1, 6], [2, 5, 3], [7, 8, 4]]"
112,"[[2, 1, 3], [6, 5, 0], [7, 8, 4]]","[[2, 1, 0], [6, 5, 3], [7, 8, 4]]"
113,"[[1, 3, 5], [2, 0, 8], [7, 4, 6]]","[[1, 0, 5], [2, 3, 8], [7, 4, 6]]"
114,"[[1, 3, 5], [6, 4, 0], [2, 7, 8]]","[[1, 3, 5], [6, 4, 8], [2, 7, 0]]"
115,"[[2, 1, 5], [0, 3, 4], [7, 6, 8]]","[[2, 1, 5], [3, 0, 4], [7, 6, 8]]"
116,"[[2, 1, 5], [0, 3, 4], [7, 6, 8]]","[[2, 1, 5], [7, 3, 4], [0, 6, 8]]"
117,"[[2, 0, 3], [6, 1, 5], [7, 8, 4]]","[[0, 2, 3], [6, 1, 5], [7, 8, 4]]"
118,"[[1, 4, 3], [2, 6, 5], [7, 0, 8]]","[[1, 4, 3], [2, 6, 5], [7, 8, 0]]"
119,"[[1, 6, 3], [7, 2, 5], [8, 0, 4]]","[[1, 6, 3], [7, 2, 5], [8, 4, 0]]"
120,"[[2, 1, 3], [0, 4, 5], [7, 6, 8]]","[[2, 1, 3], [4, 0, 5], [7, 6, 8]]"
121,"[[2, 1, 3], [6, 8, 5], [7, 0, 4]]","[[2, 1, 3], [6, 8, 5], [7, 4, 0]]"
122,"[[2, 1, 3], [7, 6, 5], [8, 0, 4]]","[[2, 1, 3], [7, 6, 5], [8, 4, 0]]"
123,"[[6, 0, 3], [1, 2, 5], [7, 8, 4]]","[[6, 2, 3], [1, 0, 5], [7, 8, 4]]"
124,"[[1, 3, 5], [6, 7, 4], [2, 0, 8]]","[[1, 3, 5], [6, 7, 4], [0, 2, 8]]"
125,"[[1, 3, 5], [6, 7, 4], [2, 0, 8]]","[[1, 3, 5], [6, 7, 4], [2, 8, 0]]"
126,"[[1, 0, 5], [6, 3, 4], [2, 7, 8]]","[[1, 5, 0], [6, 3, 4], [2, 7, 8]]"
127,"[[2, 1, 5], [3, 0, 6], [7, 8, 4]]","[[2, 0, 5], [3, 1, 6], [7, 8, 4]]"
128,"[[2, 1, 5], [3, 0, 6], [7, 8, 4]]","[[2, 1, 5], [3, 6, 0], [7, 8, 4]]"
129,"[[2, 1, 5], [3, 0, 6], [7, 8, 4]]","[[2, 1, 5], [3, 8, 6], [7, 0, 4]]"
130,"[[2, 1, 5], [7, 3, 6], [0, 8, 4]]","[[2, 1, 5], [7, 3, 6], [8, 0, 4]]"
131,"[[3, 0, 5], [1, 6, 4], [2, 7, 8]]","[[3, 5, 0], [1, 6, 4], [2, 7, 8]]"
132,"[[1, 0, 3], [2, 8, 5], [7, 4, 6]]","[[0, 1, 3], [2, 8, 5], [7, 4, 6]]"
133,"[[1, 4, 3], [0, 2, 5], [7, 6, 8]]","[[0, 4, 3], [1, 2, 5], [7, 6, 8]]"
134,"[[1, 5, 6], [0, 2, 3], [7, 8, 4]]","[[0, 5, 6], [1, 2, 3], [7, 8, 4]]"
135,"[[1, 3, 5], [7, 2, 0], [8, 4, 6]]","[[1, 3, 0], [7, 2, 5], [8, 4, 6]]"
136,"[[1, 4, 3], [2, 5, 0], [7, 6, 8]]","[[1, 4, 0], [2, 5, 3], [7, 6, 8]]"
137,"[[1, 4, 3], [2, 5, 0], [7, 6, 8]]","[[1, 4, 3], [2, 5, 8], [7, 6, 0]]"
138,"[[1, 4, 3], [2, 6, 5], [7, 0, 8]]","[[1, 4, 3], [2, 6, 5], [0, 7, 8]]"
139,"[[1, 4, 3], [0, 2, 5], [7, 6, 8]]","[[1, 4, 3], [7, 2, 5], [0, 6, 8]]"
140,"[[1, 5, 6], [0, 2, 3], [7, 8, 4]]","[[1, 5, 6], [7, 2, 3], [0, 8, 4]]"
141,"[[1, 6, 3], [7, 2, 5], [8, 0, 4]]","[[1, 6, 3], [7, 0, 5], [8, 2, 4]]"
142,"[[1, 0, 3], [2, 8, 5], [7, 4, 6]]","[[1, 8, 3], [2, 0, 5], [7, 4, 6]]"
143,"[[2, 1, 3], [6, 8, 5], [7, 0, 4]]","[[2, 1, 3], [6, 8, 5], [0, 7, 4]]"
144,"[[2, 1, 3], [7, 6, 5], [8, 0, 4]]","[[2, 1, 3], [7, 0, 5], [8, 6, 4]]"
145,"[[2, 1, 3], [0, 4, 5], [7, 6, 8]]","[[2, 1, 3], [7, 4, 5], [0, 6, 8]]"
146,"[[2, 0, 3], [6, 1, 5], [7, 8, 4]]","[[2, 3, 0], [6, 1, 5], [7, 8, 4]]"
147,"[[3, 2, 5], [1, 6, 0], [7, 8, 4]]","[[3, 2, 0], [1, 6, 5], [7, 8, 4]]"
148,"[[3, 2, 5], [1, 6, 0], [7, 8, 4]]","[[3, 2, 5], [1, 6, 4], [7, 8, 0]]"
149,"[[3, 2, 5], [1, 8, 6], [7, 0, 4]]","[[3, 2, 5], [1, 8, 6], [7, 4, 0]]"
150,"[[3, 5, 6], [1, 2, 0], [7, 8, 4]]","[[3, 5, 6], [1, 2, 4], [7, 8, 0]]"
151,"[[6, 0, 3], [1, 2, 5], [7, 8, 4]]","[[6, 3, 0], [1, 2, 5], [7, 8, 4]]"
152,"[[1, 0, 5], [6, 3, 4], [2, 7, 8]]","[[0, 1, 5], [6, 3, 4], [2, 7, 8]]"
153,"[[1, 3, 5], [2, 4, 8], [0, 7, 6]]","[[1, 3, 5], [0, 4, 8], [2, 7, 6]]"
154,"[[3, 2, 5], [1, 0, 4], [7, 6, 8]]","[[3, 2, 5], [1, 4, 0], [7, 6, 8]]"
155,"[[3, 2, 5], [1, 0, 4], [7, 6, 8]]","[[3, 2, 5], [1, 6, 4], [7, 0, 8]]"
156,"[[3, 0, 5], [1, 6, 4], [2, 7, 8]]","[[3, 6, 5], [1, 0, 4], [2, 7, 8]]"
157,"[[3, 2, 5], [0, 1, 6], [7, 8, 4]]","[[0, 2, 5], [3, 1, 6], [7, 8, 4]]"
158,"[[1, 6, 3], [2, 0, 4], [7, 5, 8]]","[[1, 0, 3], [2, 6, 4], [7, 5, 8]]"
159,"[[1, 3, 5], [7, 2, 0], [8, 4, 6]]","[[1, 3, 5], [7, 0, 2], [8, 4, 6]]"
160,"[[1, 5, 6], [2, 8, 3], [7, 0, 4]]","[[1, 5, 6], [2, 8, 3], [7, 4, 0]]"
161,"[[1, 6, 3], [2, 8, 0], [7, 4, 5]]","[[1, 6, 0], [2, 8, 3], [7, 4, 5]]"
162,"[[1, 6, 3], [2, 0, 4], [7, 5, 8]]","[[1, 6, 3], [0, 2, 4], [7, 5, 8]]"
163,"[[1, 6, 3], [2, 8, 0], [7, 4, 5]]","[[1, 6, 3], [2, 0, 8], [7, 4, 5]]"
164,"[[1, 6, 3], [2, 0, 4], [7, 5, 8]]","[[1, 6, 3], [2, 4, 0], [7, 5, 8]]"
165,"[[2, 1, 3], [6, 5, 4], [7, 8, 0]]","[[2, 1, 3], [6, 5, 4], [7, 0, 8]]"
166,"[[3, 2, 5], [1, 8, 6], [7, 0, 4]]","[[3, 2, 5], [1, 8, 6], [0, 7, 4]]"
167,"[[3, 2, 5], [0, 1, 6], [7, 8, 4]]","[[3, 2, 5], [7, 1, 6], [0, 8, 4]]"
168,"[[3, 5, 6], [1, 2, 0], [7, 8, 4]]","[[3, 5, 6], [1, 0, 2], [7, 8, 4]]"
169,"[[1, 5, 4], [2, 0, 3], [7, 6, 8]]","[[1, 0, 4], [2, 5, 3], [7, 6, 8]]"
170,"[[1, 3, 5], [7, 2, 4], [6, 8, 0]]","[[1, 3, 5], [7, 2, 0], [6, 8, 4]]"
171,"[[1, 5, 4], [2, 0, 3], [7, 6, 8]]","[[1, 5, 4], [0, 2, 3], [7, 6, 8]]"
172,"[[1, 5, 4], [2, 0, 3], [7, 6, 8]]","[[1, 5, 4], [2, 6, 3], [7, 0, 8]]"
173,"[[3, 2, 5], [1, 0, 4], [7, 6, 8]]","[[3, 2, 5], [0, 1, 4], [7, 6, 8]]"
174,"[[3, 5, 0], [1, 2, 4], [7, 6, 8]]","[[3, 5, 4], [1, 2, 0], [7, 6, 8]]"
175,"[[1, 5, 6], [2, 3, 4], [7, 0, 8]]","[[1, 5, 6], [2, 0, 4], [7, 3, 8]]"
176,"[[1, 5, 6], [2, 3, 4], [7, 0, 8]]","[[1, 5, 6], [2, 3, 4], [0, 7, 8]]"
177,"[[1, 5, 6], [2, 8, 3], [7, 0, 4]]","[[1, 5, 6], [2, 8, 3], [0, 7, 4]]"
178,"[[1, 6, 3], [2, 5, 4], [0, 7, 8]]","[[1, 6, 3], [0, 5, 4], [2, 7, 8]]"
179,"[[2, 1, 3], [4, 0, 5], [7, 6, 8]]","[[2, 1, 3], [4, 5, 0], [7, 6, 8]]"
180,"[[2, 1, 3], [4, 0, 5], [7, 6, 8]]","[[2, 1, 3], [4, 6, 5], [7, 0, 8]]"
181,"[[0, 1, 6], [2, 5, 3], [7, 8, 4]]","[[2, 1, 6], [0, 5, 3], [7, 8, 4]]"
182,"[[1, 3, 0], [6, 4, 5], [2, 7, 8]]","[[1, 0, 3], [6, 4, 5], [2, 7, 8]]"
183,"[[1, 3, 5], [8, 0, 6], [2, 7, 4]]","[[1, 0, 5], [8, 3, 6], [2, 7, 4]]"
184,"[[1, 3, 5], [7, 0, 4], [6, 2, 8]]","[[1, 3, 5], [7, 4, 0], [6, 2, 8]]"
185,"[[1, 3, 5], [8, 0, 6], [2, 7, 4]]","[[1, 3, 5], [8, 6, 0], [2, 7, 4]]"
186,"[[1, 3, 5], [8, 0, 6], [2, 7, 4]]","[[1, 3, 5], [8, 7, 6], [2, 0, 4]]"
187,"[[0, 3, 5], [1, 8, 6], [2, 7, 4]]","[[3, 0, 5], [1, 8, 6], [2, 7, 4]]"
188,"[[1, 3, 5], [0, 2, 8], [7, 4, 6]]","[[0, 3, 5], [1, 2, 8], [7, 4, 6]]"
189,"[[1, 3, 5], [7, 6, 0], [8, 2, 4]]","[[1, 3, 0], [7, 6, 5], [8, 2, 4]]"
190,"[[1, 3, 5], [0, 2, 8], [7, 4, 6]]","[[1, 3, 5], [7, 2, 8], [0, 4, 6]]"
191,"[[1, 3, 5], [7, 6, 0], [8, 2, 4]]","[[1, 3, 5], [7, 6, 4], [8, 2, 0]]"
192,"[[1, 4, 3], [2, 6, 5], [7, 8, 0]]","[[1, 4, 3], [2, 6, 0], [7, 8, 5]]"
193,"[[1, 0, 5], [7, 3, 6], [8, 2, 4]]","[[1, 5, 0], [7, 3, 6], [8, 2, 4]]"
194,"[[2, 1, 0], [6, 5, 3], [7, 8, 4]]","[[2, 0, 1], [6, 5, 3], [7, 8, 4]]"
195,"[[2, 1, 3], [4, 0, 5], [7, 6, 8]]","[[2, 0, 3], [4, 1, 5], [7, 6, 8]]"
196,"[[6, 2, 3], [1, 0, 5], [7, 8, 4]]","[[6, 2, 3], [1, 5, 0], [7, 8, 4]]"
197,"[[1, 3, 5], [7, 0, 4], [6, 2, 8]]","[[1, 0, 5], [7, 3, 4], [6, 2, 8]]"
198,"[[1, 3, 5], [7, 0, 4], [6, 2, 8]]","[[1, 3, 5], [0, 7, 4], [6, 2, 8]]"
199,"[[1, 5, 4], [2, 3, 8], [7, 6, 0]]","[[1, 5, 4], [2, 3, 8], [7, 0, 6]]"
200,"[[1, 0, 5], [7, 3, 6], [8, 2, 4]]","[[0, 1, 5], [7, 3, 6], [8, 2, 4]]"
201,"[[1, 3, 5], [0, 7, 6], [8, 2, 4]]","[[0, 3, 5], [1, 7, 6], [8, 2, 4]]"
202,"[[1, 6, 3], [0, 8, 5], [2, 7, 4]]","[[0, 6, 3], [1, 8, 5], [2, 7, 4]]"
203,"[[1, 3, 0], [7, 2, 5], [8, 4, 6]]","[[1, 0, 3], [7, 2, 5], [8, 4, 6]]"
204,"[[1, 3, 5], [0, 7, 6], [8, 2, 4]]","[[1, 3, 5], [8, 7, 6], [0, 2, 4]]"
205,"[[1, 4, 3], [2, 5, 8], [7, 6, 0]]","[[1, 4, 3], [2, 5, 8], [7, 0, 6]]"
206,"[[1, 0, 5], [2, 3, 8], [7, 4, 6]]","[[1, 5, 0], [2, 3, 8], [7, 4, 6]]"
207,"[[1, 6, 3], [7, 2, 5], [8, 4, 0]]","[[1, 6, 3], [7, 2, 0], [8, 4, 5]]"
208,"[[1, 6, 3], [0, 8, 5], [2, 7, 4]]","[[1, 6, 3], [8, 0, 5], [2, 7, 4]]"
209,"[[1, 8, 3], [2, 0, 5], [7, 4, 6]]","[[1, 8, 3], [0, 2, 5], [7, 4, 6]]"
210,"[[1, 8, 3], [2, 0, 5], [7, 4, 6]]","[[1, 8, 3], [2, 4, 5], [7, 0, 6]]"
211,"[[1, 8, 3], [2, 0, 5], [7, 4, 6]]","[[1, 8, 3], [2, 5, 0], [7, 4, 6]]"
212,"[[0, 1, 3], [2, 8, 5], [7, 4, 6]]","[[2, 1, 3], [0, 8, 5], [7, 4, 6]]"
213,"[[2, 1, 3], [6, 8, 5], [7, 4, 0]]","[[2, 1, 3], [6, 8, 0], [7, 4, 5]]"
214,"[[2, 1, 3], [7, 6, 5], [8, 4, 0]]","[[2, 1, 3], [7, 6, 0], [8, 4, 5]]"
215,"[[0, 4, 3], [1, 2, 5], [7, 6, 8]]","[[4, 0, 3], [1, 2, 5], [7, 6, 8]]"
216,"[[0, 2, 3], [6, 1, 5], [7, 8, 4]]","[[6, 2, 3], [0, 1, 5], [7, 8, 4]]"
217,"[[6, 2, 3], [1, 0, 5], [7, 8, 4]]","[[6, 2, 3], [1, 8, 5], [7, 0, 4]]"
218,"[[2, 1, 3], [4, 6, 5], [7, 0, 8]]","[[2, 1, 3], [4, 6, 5], [7, 8, 0]]"
219,"[[2, 1, 5], [3, 0, 4], [7, 6, 8]]","[[2, 1, 5], [3, 4, 0], [7, 6, 8]]"
220,"[[2, 1, 5], [3, 0, 4], [7, 6, 8]]","[[2, 1, 5], [3, 6, 4], [7, 0, 8]]"
221,"[[1, 0, 5], [2, 3, 8], [7, 4, 6]]","[[0, 1, 5], [2, 3, 8], [7, 4, 6]]"
222,"[[1, 6, 3], [7, 0, 5], [8, 2, 4]]","[[1, 0, 3], [7, 6, 5], [8, 2, 4]]"
223,"[[1, 4, 3], [2, 6, 5], [0, 7, 8]]","[[1, 4, 3], [0, 6, 5], [2, 7, 8]]"
224,"[[1, 4, 3], [7, 2, 5], [0, 6, 8]]","[[1, 4, 3], [7, 2, 5], [6, 0, 8]]"
225,"[[1, 5, 6], [7, 2, 3], [0, 8, 4]]","[[1, 5, 6], [7, 2, 3], [8, 0, 4]]"
226,"[[1, 6, 3], [7, 0, 5], [8, 2, 4]]","[[1, 6, 3], [7, 5, 0], [8, 2, 4]]"
227,"[[2, 1, 5], [3, 6, 0], [7, 8, 4]]","[[2, 1, 0], [3, 6, 5], [7, 8, 4]]"
228,"[[2, 1, 3], [7, 4, 5], [0, 6, 8]]","[[2, 1, 3], [7, 4, 5], [6, 0, 8]]"
229,"[[2, 1, 3], [7, 0, 5], [8, 6, 4]]","[[2, 1, 3], [7, 5, 0], [8, 6, 4]]"
230,"[[2, 1, 5], [3, 6, 0], [7, 8, 4]]","[[2, 1, 5], [3, 6, 4], [7, 8, 0]]"
231,"[[2, 1, 5], [3, 8, 6], [7, 0, 4]]","[[2, 1, 5], [3, 8, 6], [7, 4, 0]]"
232,"[[2, 1, 5], [7, 3, 6], [8, 0, 4]]","[[2, 1, 5], [7, 3, 6], [8, 4, 0]]"
233,"[[2, 0, 5], [3, 1, 6], [7, 8, 4]]","[[2, 5, 0], [3, 1, 6], [7, 8, 4]]"
234,"[[3, 2, 0], [1, 6, 5], [7, 8, 4]]","[[3, 0, 2], [1, 6, 5], [7, 8, 4]]"
235,"[[3, 2, 5], [1, 4, 0], [7, 6, 8]]","[[3, 2, 0], [1, 4, 5], [7, 6, 8]]"
236,"[[3, 2, 5], [1, 8, 6], [7, 4, 0]]","[[3, 2, 5], [1, 8, 0], [7, 4, 6]]"
237,"[[3, 5, 6], [1, 2, 4], [7, 8, 0]]","[[3, 5, 6], [1, 2, 4], [7, 0, 8]]"
238,"[[0, 5, 6], [1, 2, 3], [7, 8, 4]]","[[5, 0, 6], [1, 2, 3], [7, 8, 4]]"
239,"[[1, 0, 3], [2, 6, 4], [7, 5, 8]]","[[0, 1, 3], [2, 6, 4], [7, 5, 8]]"
240,"[[1, 6, 3], [0, 2, 4], [7, 5, 8]]","[[0, 6, 3], [1, 2, 4], [7, 5, 8]]"
241,"[[1, 0, 3], [2, 6, 4], [7, 5, 8]]","[[1, 3, 0], [2, 6, 4], [7, 5, 8]]"
242,"[[1, 3, 5], [6, 4, 8], [2, 7, 0]]","[[1, 3, 5], [6, 4, 8], [2, 0, 7]]"
243,"[[1, 6, 3], [2, 4, 0], [7, 5, 8]]","[[1, 6, 0], [2, 4, 3], [7, 5, 8]]"
244,"[[1, 6, 3], [2, 4, 0], [7, 5, 8]]","[[1, 6, 3], [2, 4, 8], [7, 5, 0]]"
245,"[[1, 6, 3], [0, 2, 4], [7, 5, 8]]","[[1, 6, 3], [7, 2, 4], [0, 5, 8]]"
246,"[[2, 1, 5], [3, 0, 4], [7, 6, 8]]","[[2, 0, 5], [3, 1, 4], [7, 6, 8]]"
247,"[[2, 1, 3], [4, 5, 0], [7, 6, 8]]","[[2, 1, 0], [4, 5, 3], [7, 6, 8]]"
248,"[[2, 1, 3], [4, 5, 0], [7, 6, 8]]","[[2, 1, 3], [4, 5, 8], [7, 6, 0]]"
249,"[[2, 1, 3], [4, 6, 5], [7, 0, 8]]","[[2, 1, 3], [4, 6, 5], [0, 7, 8]]"
250,"[[2, 1, 3], [6, 5, 4], [7, 0, 8]]","[[2, 1, 3], [6, 0, 4], [7, 5, 8]]"
251,"[[2, 1, 3], [6, 5, 4], [7, 0, 8]]","[[2, 1, 3], [6, 5, 4], [0, 7, 8]]"
252,"[[2, 1, 5], [7, 3, 4], [0, 6, 8]]","[[2, 1, 5], [7, 3, 4], [6, 0, 8]]"
253,"[[1, 6, 3], [2, 0, 8], [7, 4, 5]]","[[1, 0, 3], [2, 6, 8], [7, 4, 5]]"
254,"[[1, 6, 0], [2, 8, 3], [7, 4, 5]]","[[1, 0, 6], [2, 8, 3], [7, 4, 5]]"
255,"[[1, 3, 5], [0, 4, 8], [2, 7, 6]]","[[1, 3, 5], [4, 0, 8], [2, 7, 6]]"
256,"[[1, 3, 5], [7, 0, 2], [8, 4, 6]]","[[1, 3, 5], [7, 4, 2], [8, 0, 6]]"
257,"[[1, 5, 4], [2, 6, 3], [7, 0, 8]]","[[1, 5, 4], [2, 6, 3], [7, 8, 0]]"
258,"[[1, 5, 6], [2, 8, 3], [7, 4, 0]]","[[1, 5, 6], [2, 8, 0], [7, 4, 3]]"
259,"[[1, 6, 3], [2, 0, 8], [7, 4, 5]]","[[1, 6, 3], [0, 2, 8], [7, 4, 5]]"
260,"[[1, 6, 3], [7, 0, 5], [8, 2, 4]]","[[1, 6, 3], [0, 7, 5], [8, 2, 4]]"
261,"[[1, 6, 3], [2, 0, 8], [7, 4, 5]]","[[1, 6, 3], [2, 4, 8], [7, 0, 5]]"
262,"[[2, 1, 3], [7, 0, 5], [8, 6, 4]]","[[2, 0, 3], [7, 1, 5], [8, 6, 4]]"
263,"[[2, 1, 3], [7, 0, 5], [8, 6, 4]]","[[2, 1, 3], [0, 7, 5], [8, 6, 4]]"
264,"[[2, 1, 3], [6, 8, 5], [0, 7, 4]]","[[2, 1, 3], [0, 8, 5], [6, 7, 4]]"
265,"[[2, 1, 5], [3, 8, 6], [7, 0, 4]]","[[2, 1, 5], [3, 8, 6], [0, 7, 4]]"
266,"[[2, 1, 5], [7, 3, 6], [8, 0, 4]]","[[2, 1, 5], [7, 0, 6], [8, 3, 4]]"
267,"[[2, 3, 0], [6, 1, 5], [7, 8, 4]]","[[2, 3, 5], [6, 1, 0], [7, 8, 4]]"
268,"[[3, 5, 6], [1, 0, 2], [7, 8, 4]]","[[3, 0, 6], [1, 5, 2], [7, 8, 4]]"
269,"[[3, 2, 5], [1, 4, 0], [7, 6, 8]]","[[3, 2, 5], [1, 4, 8], [7, 6, 0]]"
270,"[[3, 2, 5], [1, 6, 4], [7, 0, 8]]","[[3, 2, 5], [1, 6, 4], [0, 7, 8]]"
271,"[[6, 3, 0], [1, 2, 5], [7, 8, 4]]","[[6, 3, 5], [1, 2, 0], [7, 8, 4]]"
272,"[[2, 0, 3], [4, 1, 5], [7, 6, 8]]","[[0, 2, 3], [4, 1, 5], [7, 6, 8]]"
273,"[[1, 3, 5], [6, 7, 4], [2, 8, 0]]","[[1, 3, 5], [6, 7, 0], [2, 8, 4]]"
274,"[[1, 4, 3], [2, 6, 0], [7, 8, 5]]","[[1, 4, 3], [2, 0, 6], [7, 8, 5]]"
275,"[[1, 5, 0], [6, 3, 4], [2, 7, 8]]","[[1, 5, 4], [6, 3, 0], [2, 7, 8]]"
276,"[[2, 1, 6], [0, 5, 3], [7, 8, 4]]","[[2, 1, 6], [5, 0, 3], [7, 8, 4]]"
277,"[[2, 1, 6], [0, 5, 3], [7, 8, 4]]","[[2, 1, 6], [7, 5, 3], [0, 8, 4]]"
278,"[[3, 5, 0], [1, 6, 4], [2, 7, 8]]","[[3, 5, 4], [1, 6, 0], [2, 7, 8]]"
279,"[[6, 2, 3], [1, 5, 0], [7, 8, 4]]","[[6, 2, 3], [1, 5, 4], [7, 8, 0]]"
280,"[[1, 0, 4], [2, 5, 3], [7, 6, 8]]","[[0, 1, 4], [2, 5, 3], [7, 6, 8]]"
281,"[[1, 3, 5], [0, 4, 8], [2, 7, 6]]","[[0, 3, 5], [1, 4, 8], [2, 7, 6]]"
282,"[[1, 5, 4], [0, 2, 3], [7, 6, 8]]","[[0, 5, 4], [1, 2, 3], [7, 6, 8]]"
283,"[[1, 3, 5], [7, 0, 2], [8, 4, 6]]","[[1, 0, 5], [7, 3, 2], [8, 4, 6]]"
284,"[[1, 5, 6], [2, 0, 4], [7, 3, 8]]","[[1, 0, 6], [2, 5, 4], [7, 3, 8]]"
285,"[[1, 3, 5], [7, 2, 0], [6, 8, 4]]","[[1, 3, 0], [7, 2, 5], [6, 8, 4]]"
286,"[[1, 3, 5], [7, 0, 2], [8, 4, 6]]","[[1, 3, 5], [0, 7, 2], [8, 4, 6]]"
287,"[[1, 5, 4], [2, 6, 3], [7, 0, 8]]","[[1, 5, 4], [2, 6, 3], [0, 7, 8]]"
288,"[[1, 5, 4], [0, 2, 3], [7, 6, 8]]","[[1, 5, 4], [7, 2, 3], [0, 6, 8]]"
289,"[[1, 5, 6], [2, 0, 4], [7, 3, 8]]","[[1, 5, 6], [0, 2, 4], [7, 3, 8]]"
290,"[[1, 5, 6], [2, 0, 4], [7, 3, 8]]","[[1, 5, 6], [2, 4, 0], [7, 3, 8]]"
291,"[[3, 2, 5], [1, 8, 6], [0, 7, 4]]","[[3, 2, 5], [0, 8, 6], [1, 7, 4]]"
292,"[[3, 2, 5], [7, 1, 6], [0, 8, 4]]","[[3, 2, 5], [7, 1, 6], [8, 0, 4]]"
293,"[[3, 5, 6], [1, 0, 2], [7, 8, 4]]","[[3, 5, 6], [0, 1, 2], [7, 8, 4]]"
294,"[[3, 5, 6], [1, 0, 2], [7, 8, 4]]","[[3, 5, 6], [1, 8, 2], [7, 0, 4]]"
295,"[[2, 0, 1], [6, 5, 3], [7, 8, 4]]","[[0, 2, 1], [6, 5, 3], [7, 8, 4]]"
296,"[[1, 6, 3], [0, 5, 4], [2, 7, 8]]","[[0, 6, 3], [1, 5, 4], [2, 7, 8]]"
297,"[[1, 0, 3], [7, 2, 5], [8, 4, 6]]","[[1, 2, 3], [7, 0, 5], [8, 4, 6]]"
298,"[[1, 4, 3], [2, 6, 0], [7, 8, 5]]","[[1, 4, 0], [2, 6, 3], [7, 8, 5]]"
299,"[[1, 6, 3], [0, 5, 4], [2, 7, 8]]","[[1, 6, 3], [5, 0, 4], [2, 7, 8]]"
300,"[[1, 8, 3], [2, 5, 0], [7, 4, 6]]","[[1, 8, 3], [2, 5, 6], [7, 4, 0]]"
301,"[[2, 1, 3], [4, 6, 5], [7, 8, 0]]","[[2, 1, 3], [4, 6, 0], [7, 8, 5]]"
302,"[[2, 0, 3], [4, 1, 5], [7, 6, 8]]","[[2, 3, 0], [4, 1, 5], [7, 6, 8]]"
303,"[[3, 6, 5], [1, 0, 4], [2, 7, 8]]","[[3, 6, 5], [1, 4, 0], [2, 7, 8]]"
304,"[[4, 0, 3], [1, 2, 5], [7, 6, 8]]","[[4, 2, 3], [1, 0, 5], [7, 6, 8]]"
305,"[[6, 2, 3], [1, 5, 0], [7, 8, 4]]","[[6, 2, 0], [1, 5, 3], [7, 8, 4]]"
306,"[[1, 0, 3], [6, 4, 5], [2, 7, 8]]","[[0, 1, 3], [6, 4, 5], [2, 7, 8]]"
307,"[[3, 2, 5], [0, 1, 4], [7, 6, 8]]","[[0, 2, 5], [3, 1, 4], [7, 6, 8]]"
308,"[[1, 3, 5], [7, 4, 0], [6, 2, 8]]","[[1, 3, 0], [7, 4, 5], [6, 2, 8]]"
309,"[[1, 3, 5], [7, 2, 0], [6, 8, 4]]","[[1, 3, 5], [7, 0, 2], [6, 8, 4]]"
310,"[[1, 3, 5], [7, 2, 8], [0, 4, 6]]","[[1, 3, 5], [7, 2, 8], [4, 0, 6]]"
311,"[[1, 0, 3], [6, 4, 5], [2, 7, 8]]","[[1, 4, 3], [6, 0, 5], [2, 7, 8]]"
312,"[[1, 5, 6], [2, 3, 4], [0, 7, 8]]","[[1, 5, 6], [0, 3, 4], [2, 7, 8]]"
313,"[[1, 5, 6], [2, 8, 3], [0, 7, 4]]","[[1, 5, 6], [0, 8, 3], [2, 7, 4]]"
314,"[[3, 2, 5], [0, 1, 4], [7, 6, 8]]","[[3, 2, 5], [7, 1, 4], [0, 6, 8]]"
315,"[[3, 5, 4], [1, 2, 0], [7, 6, 8]]","[[3, 5, 4], [1, 0, 2], [7, 6, 8]]"
316,"[[3, 5, 4], [1, 2, 0], [7, 6, 8]]","[[3, 5, 4], [1, 2, 8], [7, 6, 0]]"
317,"[[1, 0, 3], [7, 2, 5], [8, 4, 6]]","[[0, 1, 3], [7, 2, 5], [8, 4, 6]]"
318,"[[1, 8, 3], [0, 2, 5], [7, 4, 6]]","[[0, 8, 3], [1, 2, 5], [7, 4, 6]]"
319,"[[1, 4, 3], [2, 5, 8], [7, 0, 6]]","[[1, 4, 3], [2, 0, 8], [7, 5, 6]]"
320,"[[1, 4, 3], [2, 5, 8], [7, 0, 6]]","[[1, 4, 3], [2, 5, 8], [0, 7, 6]]"
321,"[[1, 8, 3], [2, 5, 0], [7, 4, 6]]","[[1, 8, 0], [2, 5, 3], [7, 4, 6]]"
322,"[[1, 8, 3], [2, 4, 5], [7, 0, 6]]","[[1, 8, 3], [2, 4, 5], [0, 7, 6]]"
323,"[[1, 8, 3], [2, 4, 5], [7, 0, 6]]","[[1, 8, 3], [2, 4, 5], [7, 6, 0]]"
324,"[[1, 8, 3], [0, 2, 5], [7, 4, 6]]","[[1, 8, 3], [7, 2, 5], [0, 4, 6]]"
325,"[[2, 1, 3], [4, 5, 8], [7, 6, 0]]","[[2, 1, 3], [4, 5, 8], [7, 0, 6]]"
326,"[[2, 1, 3], [7, 6, 0], [8, 4, 5]]","[[2, 1, 3], [7, 0, 6], [8, 4, 5]]"
327,"[[2, 1, 3], [0, 8, 5], [7, 4, 6]]","[[2, 1, 3], [7, 8, 5], [0, 4, 6]]"
328,"[[2, 1, 3], [0, 8, 5], [7, 4, 6]]","[[2, 1, 3], [8, 0, 5], [7, 4, 6]]"
329,"[[2, 0, 1], [6, 5, 3], [7, 8, 4]]","[[2, 5, 1], [6, 0, 3], [7, 8, 4]]"
330,"[[3, 6, 5], [1, 0, 4], [2, 7, 8]]","[[3, 6, 5], [0, 1, 4], [2, 7, 8]]"
331,"[[3, 6, 5], [1, 0, 4], [2, 7, 8]]","[[3, 6, 5], [1, 7, 4], [2, 0, 8]]"
332,"[[4, 0, 3], [1, 2, 5], [7, 6, 8]]","[[4, 3, 0], [1, 2, 5], [7, 6, 8]]"
333,"[[0, 1, 5], [6, 3, 4], [2, 7, 8]]","[[6, 1, 5], [0, 3, 4], [2, 7, 8]]"
334,"[[6, 2, 3], [1, 8, 5], [7, 0, 4]]","[[6, 2, 3], [1, 8, 5], [7, 4, 0]]"
335,"[[1, 3, 5], [8, 6, 0], [2, 7, 4]]","[[1, 3, 0], [8, 6, 5], [2, 7, 4]]"
336,"[[1, 3, 5], [7, 4, 0], [6, 2, 8]]","[[1, 3, 5], [7, 4, 8], [6, 2, 0]]"
337,"[[1, 3, 5], [7, 6, 4], [8, 2, 0]]","[[1, 3, 5], [7, 6, 4], [8, 0, 2]]"
338,"[[1, 3, 5], [8, 6, 0], [2, 7, 4]]","[[1, 3, 5], [8, 6, 4], [2, 7, 0]]"
339,"[[1, 3, 5], [8, 7, 6], [2, 0, 4]]","[[1, 3, 5], [8, 7, 6], [2, 4, 0]]"
340,"[[1, 0, 5], [8, 3, 6], [2, 7, 4]]","[[1, 5, 0], [8, 3, 6], [2, 7, 4]]"
341,"[[1, 5, 0], [7, 3, 6], [8, 2, 4]]","[[1, 5, 6], [7, 3, 0], [8, 2, 4]]"
342,"[[0, 3, 5], [1, 2, 8], [7, 4, 6]]","[[3, 0, 5], [1, 2, 8], [7, 4, 6]]"
343,"[[3, 0, 5], [1, 8, 6], [2, 7, 4]]","[[3, 5, 0], [1, 8, 6], [2, 7, 4]]"
344,"[[3, 0, 2], [1, 6, 5], [7, 8, 4]]","[[0, 3, 2], [1, 6, 5], [7, 8, 4]]"
345,"[[1, 4, 3], [2, 0, 6], [7, 8, 5]]","[[1, 0, 3], [2, 4, 6], [7, 8, 5]]"
346,"[[1, 6, 0], [2, 4, 3], [7, 5, 8]]","[[1, 0, 6], [2, 4, 3], [7, 5, 8]]"
347,"[[1, 4, 3], [2, 0, 6], [7, 8, 5]]","[[1, 4, 3], [0, 2, 6], [7, 8, 5]]"
348,"[[1, 4, 3], [7, 2, 5], [6, 0, 8]]","[[1, 4, 3], [7, 2, 5], [6, 8, 0]]"
349,"[[1, 5, 6], [7, 2, 3], [8, 0, 4]]","[[1, 5, 6], [7, 2, 3], [8, 4, 0]]"
350,"[[1, 6, 3], [7, 2, 0], [8, 4, 5]]","[[1, 6, 0], [7, 2, 3], [8, 4, 5]]"
351,"[[1, 6, 3], [7, 2, 0], [8, 4, 5]]","[[1, 6, 3], [7, 0, 2], [8, 4, 5]]"
352,"[[1, 6, 3], [7, 5, 0], [8, 2, 4]]","[[1, 6, 3], [7, 5, 4], [8, 2, 0]]"
353,"[[2, 1, 0], [4, 5, 3], [7, 6, 8]]","[[2, 0, 1], [4, 5, 3], [7, 6, 8]]"
354,"[[2, 1, 3], [6, 8, 0], [7, 4, 5]]","[[2, 1, 0], [6, 8, 3], [7, 4, 5]]"
355,"[[2, 1, 3], [7, 6, 0], [8, 4, 5]]","[[2, 1, 0], [7, 6, 3], [8, 4, 5]]"
356,"[[0, 1, 3], [2, 6, 4], [7, 5, 8]]","[[2, 1, 3], [0, 6, 4], [7, 5, 8]]"
357,"[[2, 1, 3], [4, 6, 5], [0, 7, 8]]","[[2, 1, 3], [0, 6, 5], [4, 7, 8]]"
358,"[[2, 1, 3], [6, 8, 0], [7, 4, 5]]","[[2, 1, 3], [6, 0, 8], [7, 4, 5]]"
359,"[[2, 1, 3], [6, 0, 4], [7, 5, 8]]","[[2, 1, 3], [6, 4, 0], [7, 5, 8]]"
360,"[[2, 1, 3], [7, 4, 5], [6, 0, 8]]","[[2, 1, 3], [7, 4, 5], [6, 8, 0]]"
361,"[[2, 1, 3], [7, 5, 0], [8, 6, 4]]","[[2, 1, 3], [7, 5, 4], [8, 6, 0]]"
362,"[[3, 2, 5], [1, 8, 0], [7, 4, 6]]","[[3, 2, 0], [1, 8, 5], [7, 4, 6]]"
363,"[[5, 0, 6], [1, 2, 3], [7, 8, 4]]","[[5, 2, 6], [1, 0, 3], [7, 8, 4]]"
364,"[[6, 2, 3], [1, 8, 5], [7, 0, 4]]","[[6, 2, 3], [1, 8, 5], [0, 7, 4]]"
365,"[[6, 2, 3], [0, 1, 5], [7, 8, 4]]","[[6, 2, 3], [7, 1, 5], [0, 8, 4]]"
366,"[[1, 0, 5], [8, 3, 6], [2, 7, 4]]","[[0, 1, 5], [8, 3, 6], [2, 7, 4]]"
367,"[[1, 6, 3], [8, 0, 5], [2, 7, 4]]","[[1, 0, 3], [8, 6, 5], [2, 7, 4]]"
368,"[[1, 0, 5], [7, 3, 4], [6, 2, 8]]","[[1, 5, 0], [7, 3, 4], [6, 2, 8]]"
369,"[[1, 5, 4], [2, 3, 8], [7, 0, 6]]","[[1, 5, 4], [2, 0, 8], [7, 3, 6]]"
370,"[[1, 5, 4], [2, 3, 8], [7, 0, 6]]","[[1, 5, 4], [2, 3, 8], [0, 7, 6]]"
371,"[[1, 5, 0], [2, 3, 8], [7, 4, 6]]","[[1, 5, 8], [2, 3, 0], [7, 4, 6]]"
372,"[[1, 6, 3], [8, 0, 5], [2, 7, 4]]","[[1, 6, 3], [8, 5, 0], [2, 7, 4]]"
373,"[[2, 1, 5], [3, 4, 0], [7, 6, 8]]","[[2, 1, 0], [3, 4, 5], [7, 6, 8]]"
374,"[[2, 1, 3], [4, 6, 0], [7, 8, 5]]","[[2, 1, 3], [4, 0, 6], [7, 8, 5]]"
375,"[[3, 2, 0], [1, 4, 5], [7, 6, 8]]","[[3, 0, 2], [1, 4, 5], [7, 6, 8]]"
376,"[[3, 0, 5], [1, 8, 6], [2, 7, 4]]","[[3, 8, 5], [1, 0, 6], [2, 7, 4]]"
377,"[[1, 0, 3], [7, 6, 5], [8, 2, 4]]","[[0, 1, 3], [7, 6, 5], [8, 2, 4]]"
378,"[[3, 0, 6], [1, 5, 2], [7, 8, 4]]","[[0, 3, 6], [1, 5, 2], [7, 8, 4]]"
379,"[[1, 4, 3], [0, 6, 5], [2, 7, 8]]","[[0, 4, 3], [1, 6, 5], [2, 7, 8]]"
380,"[[1, 2, 3], [7, 0, 5], [8, 4, 6]]","[[1, 2, 3], [7, 4, 5], [8, 0, 6]]"
381,"[[1, 2, 3], [7, 0, 5], [8, 4, 6]]","[[1, 2, 3], [7, 5, 0], [8, 4, 6]]"
382,"[[1, 3, 0], [2, 6, 4], [7, 5, 8]]","[[1, 3, 4], [2, 6, 0], [7, 5, 8]]"
383,"[[1, 3, 5], [7, 4, 2], [8, 0, 6]]","[[1, 3, 5], [7, 4, 2], [0, 8, 6]]"
384,"[[1, 4, 3], [2, 0, 6], [7, 8, 5]]","[[1, 4, 3], [2, 8, 6], [7, 0, 5]]"
385,"[[1, 4, 3], [7, 2, 5], [6, 0, 8]]","[[1, 4, 3], [7, 0, 5], [6, 2, 8]]"
386,"[[1, 5, 6], [2, 8, 0], [7, 4, 3]]","[[1, 5, 0], [2, 8, 6], [7, 4, 3]]"
387,"[[1, 5, 6], [7, 2, 3], [8, 0, 4]]","[[1, 5, 6], [7, 0, 3], [8, 2, 4]]"
388,"[[1, 6, 3], [7, 5, 0], [8, 2, 4]]","[[1, 6, 0], [7, 5, 3], [8, 2, 4]]"
389,"[[1, 6, 3], [7, 2, 4], [0, 5, 8]]","[[1, 6, 3], [7, 2, 4], [5, 0, 8]]"
390,"[[2, 1, 3], [6, 0, 4], [7, 5, 8]]","[[2, 0, 3], [6, 1, 4], [7, 5, 8]]"
391,"[[2, 1, 3], [7, 5, 0], [8, 6, 4]]","[[2, 1, 0], [7, 5, 3], [8, 6, 4]]"
392,"[[2, 1, 3], [6, 5, 4], [0, 7, 8]]","[[2, 1, 3], [0, 5, 4], [6, 7, 8]]"
393,"[[2, 1, 3], [7, 4, 5], [6, 0, 8]]","[[2, 1, 3], [7, 0, 5], [6, 4, 8]]"
394,"[[3, 2, 5], [1, 8, 0], [7, 4, 6]]","[[3, 2, 5], [1, 0, 8], [7, 4, 6]]"
395,"[[3, 5, 6], [1, 2, 4], [7, 0, 8]]","[[3, 5, 6], [1, 0, 4], [7, 2, 8]]"
396,"[[3, 5, 6], [1, 2, 4], [7, 0, 8]]","[[3, 5, 6], [1, 2, 4], [0, 7, 8]]"
397,"[[3, 0, 2], [1, 6, 5], [7, 8, 4]]","[[3, 6, 2], [1, 0, 5], [7, 8, 4]]"
398,"[[0, 2, 3], [4, 1, 5], [7, 6, 8]]","[[4, 2, 3], [0, 1, 5], [7, 6, 8]]"
399,"[[4, 2, 3], [1, 0, 5], [7, 6, 8]]","[[4, 2, 3], [1, 5, 0], [7, 6, 8]]"
400,"[[4, 2, 3], [1, 0, 5], [7, 6, 8]]","[[4, 2, 3], [1, 6, 5], [7, 0, 8]]"
401,"[[5, 0, 6], [1, 2, 3], [7, 8, 4]]","[[5, 6, 0], [1, 2, 3], [7, 8, 4]]"
402,"[[0, 6, 3], [1, 2, 4], [7, 5, 8]]","[[6, 0, 3], [1, 2, 4], [7, 5, 8]]"
403,"[[6, 2, 3], [1, 5, 4], [7, 8, 0]]","[[6, 2, 3], [1, 5, 4], [7, 0, 8]]"
404,"[[1, 0, 5], [7, 3, 4], [6, 2, 8]]","[[0, 1, 5], [7, 3, 4], [6, 2, 8]]"
405,"[[1, 3, 5], [0, 7, 4], [6, 2, 8]]","[[0, 3, 5], [1, 7, 4], [6, 2, 8]]"
406,"[[1, 3, 5], [4, 0, 8], [2, 7, 6]]","[[1, 3, 5], [4, 8, 0], [2, 7, 6]]"
407,"[[1, 5, 4], [2, 6, 3], [7, 8, 0]]","[[1, 5, 4], [2, 6, 0], [7, 8, 3]]"
408,"[[1, 6, 3], [8, 0, 5], [2, 7, 4]]","[[1, 6, 3], [8, 7, 5], [2, 0, 4]]"
409,"[[2, 1, 0], [3, 6, 5], [7, 8, 4]]","[[2, 0, 1], [3, 6, 5], [7, 8, 4]]"
410,"[[2, 1, 3], [4, 6, 0], [7, 8, 5]]","[[2, 1, 0], [4, 6, 3], [7, 8, 5]]"
411,"[[0, 1, 5], [2, 3, 8], [7, 4, 6]]","[[2, 1, 5], [0, 3, 8], [7, 4, 6]]"
412,"[[2, 1, 5], [3, 4, 0], [7, 6, 8]]","[[2, 1, 5], [3, 4, 8], [7, 6, 0]]"
413,"[[2, 1, 5], [3, 6, 4], [7, 0, 8]]","[[2, 1, 5], [3, 6, 4], [0, 7, 8]]"
414,"[[2, 1, 5], [3, 8, 6], [7, 4, 0]]","[[2, 1, 5], [3, 8, 0], [7, 4, 6]]"
415,"[[2, 1, 5], [7, 3, 6], [8, 4, 0]]","[[2, 1, 5], [7, 3, 0], [8, 4, 6]]"
416,"[[2, 5, 0], [3, 1, 6], [7, 8, 4]]","[[2, 5, 6], [3, 1, 0], [7, 8, 4]]"
417,"[[0, 3, 5], [1, 7, 6], [8, 2, 4]]","[[3, 0, 5], [1, 7, 6], [8, 2, 4]]"
418,"[[3, 2, 5], [1, 4, 8], [7, 6, 0]]","[[3, 2, 5], [1, 4, 8], [7, 0, 6]]"
419,"[[0, 6, 3], [1, 8, 5], [2, 7, 4]]","[[6, 0, 3], [1, 8, 5], [2, 7, 4]]"
420,"[[0, 1, 5], [7, 3, 6], [8, 2, 4]]","[[7, 1, 5], [0, 3, 6], [8, 2, 4]]"
421,"[[1, 0, 3], [2, 6, 8], [7, 4, 5]]","[[0, 1, 3], [2, 6, 8], [7, 4, 5]]"
422,"[[1, 0, 6], [2, 8, 3], [7, 4, 5]]","[[0, 1, 6], [2, 8, 3], [7, 4, 5]]"
423,"[[2, 0, 3], [7, 1, 5], [8, 6, 4]]","[[0, 2, 3], [7, 1, 5], [8, 6, 4]]"
424,"[[1, 6, 3], [0, 2, 8], [7, 4, 5]]","[[0, 6, 3], [1, 2, 8], [7, 4, 5]]"
425,"[[1, 2, 3], [7, 0, 5], [8, 4, 6]]","[[1, 2, 3], [0, 7, 5], [8, 4, 6]]"
426,"[[1, 0, 3], [2, 6, 8], [7, 4, 5]]","[[1, 3, 0], [2, 6, 8], [7, 4, 5]]"
427,"[[1, 3, 5], [7, 4, 2], [8, 0, 6]]","[[1, 3, 5], [7, 4, 2], [8, 6, 0]]"
428,"[[1, 5, 6], [2, 4, 0], [7, 3, 8]]","[[1, 5, 0], [2, 4, 6], [7, 3, 8]]"
429,"[[1, 5, 6], [2, 8, 0], [7, 4, 3]]","[[1, 5, 6], [2, 0, 8], [7, 4, 3]]"
430,"[[1, 6, 3], [2, 4, 8], [7, 0, 5]]","[[1, 6, 3], [2, 4, 8], [0, 7, 5]]"
431,"[[1, 6, 3], [0, 2, 8], [7, 4, 5]]","[[1, 6, 3], [7, 2, 8], [0, 4, 5]]"
432,"[[1, 8, 3], [2, 5, 6], [7, 4, 0]]","[[1, 8, 3], [2, 5, 6], [7, 0, 4]]"
433,"[[1, 0, 6], [2, 8, 3], [7, 4, 5]]","[[1, 8, 6], [2, 0, 3], [7, 4, 5]]"
434,"[[2, 1, 6], [5, 0, 3], [7, 8, 4]]","[[2, 0, 6], [5, 1, 3], [7, 8, 4]]"
435,"[[2, 1, 6], [5, 0, 3], [7, 8, 4]]","[[2, 1, 6], [5, 3, 0], [7, 8, 4]]"
436,"[[2, 1, 6], [5, 0, 3], [7, 8, 4]]","[[2, 1, 6], [5, 8, 3], [7, 0, 4]]"
437,"[[2, 1, 6], [7, 5, 3], [0, 8, 4]]","[[2, 1, 6], [7, 5, 3], [8, 0, 4]]"
438,"[[2, 3, 5], [6, 1, 0], [7, 8, 4]]","[[2, 3, 5], [6, 1, 4], [7, 8, 0]]"
439,"[[3, 0, 6], [1, 5, 2], [7, 8, 4]]","[[3, 6, 0], [1, 5, 2], [7, 8, 4]]"
440,"[[6, 3, 5], [1, 2, 0], [7, 8, 4]]","[[6, 3, 5], [1, 2, 4], [7, 8, 0]]"
441,"[[1, 3, 0], [7, 2, 5], [6, 8, 4]]","[[1, 0, 3], [7, 2, 5], [6, 8, 4]]"
442,"[[1, 3, 5], [4, 0, 8], [2, 7, 6]]","[[1, 0, 5], [4, 3, 8], [2, 7, 6]]"
443,"[[1, 3, 5], [4, 0, 8], [2, 7, 6]]","[[1, 3, 5], [4, 7, 8], [2, 0, 6]]"
444,"[[1, 3, 5], [6, 4, 8], [2, 0, 7]]","[[1, 3, 5], [6, 4, 8], [0, 2, 7]]"
445,"[[2, 1, 3], [4, 5, 8], [7, 0, 6]]","[[2, 1, 3], [4, 0, 8], [7, 5, 6]]"
446,"[[2, 1, 3], [4, 5, 8], [7, 0, 6]]","[[2, 1, 3], [4, 5, 8], [0, 7, 6]]"
447,"[[0, 1, 4], [2, 5, 3], [7, 6, 8]]","[[2, 1, 4], [0, 5, 3], [7, 6, 8]]"
448,"[[2, 1, 5], [7, 3, 4], [6, 0, 8]]","[[2, 1, 5], [7, 3, 4], [6, 8, 0]]"
449,"[[2, 0, 5], [3, 1, 4], [7, 6, 8]]","[[2, 5, 0], [3, 1, 4], [7, 6, 8]]"
450,"[[3, 2, 5], [1, 6, 4], [0, 7, 8]]","[[3, 2, 5], [0, 6, 4], [1, 7, 8]]"
451,"[[2, 1, 3], [0, 7, 5], [8, 6, 4]]","[[0, 1, 3], [2, 7, 5], [8, 6, 4]]"
452,"[[2, 1, 3], [0, 8, 5], [6, 7, 4]]","[[0, 1, 3], [2, 8, 5], [6, 7, 4]]"
453,"[[1, 0, 6], [2, 5, 4], [7, 3, 8]]","[[0, 1, 6], [2, 5, 4], [7, 3, 8]]"
454,"[[1, 5, 6], [0, 2, 4], [7, 3, 8]]","[[0, 5, 6], [1, 2, 4], [7, 3, 8]]"
455,"[[1, 6, 3], [0, 7, 5], [8, 2, 4]]","[[0, 6, 3], [1, 7, 5], [8, 2, 4]]"
456,"[[1, 4, 3], [2, 0, 8], [7, 5, 6]]","[[1, 0, 3], [2, 4, 8], [7, 5, 6]]"
457,"[[1, 6, 3], [5, 0, 4], [2, 7, 8]]","[[1, 0, 3], [5, 6, 4], [2, 7, 8]]"
458,"[[1, 4, 0], [2, 6, 3], [7, 8, 5]]","[[1, 0, 4], [2, 6, 3], [7, 8, 5]]"
459,"[[1, 4, 3], [2, 0, 8], [7, 5, 6]]","[[1, 4, 3], [0, 2, 8], [7, 5, 6]]"
460,"[[1, 4, 3], [2, 0, 8], [7, 5, 6]]","[[1, 4, 3], [2, 8, 0], [7, 5, 6]]"
461,"[[1, 0, 5], [7, 3, 2], [8, 4, 6]]","[[1, 5, 0], [7, 3, 2], [8, 4, 6]]"
462,"[[1, 5, 6], [2, 4, 0], [7, 3, 8]]","[[1, 5, 6], [2, 4, 8], [7, 3, 0]]"
463,"[[1, 5, 6], [0, 2, 4], [7, 3, 8]]","[[1, 5, 6], [7, 2, 4], [0, 3, 8]]"
464,"[[1, 0, 6], [2, 5, 4], [7, 3, 8]]","[[1, 6, 0], [2, 5, 4], [7, 3, 8]]"
465,"[[1, 6, 3], [5, 0, 4], [2, 7, 8]]","[[1, 6, 3], [5, 4, 0], [2, 7, 8]]"
466,"[[1, 6, 3], [0, 7, 5], [8, 2, 4]]","[[1, 6, 3], [8, 7, 5], [0, 2, 4]]"
467,"[[1, 8, 3], [7, 2, 5], [0, 4, 6]]","[[1, 8, 3], [7, 2, 5], [4, 0, 6]]"
468,"[[2, 1, 3], [7, 0, 6], [8, 4, 5]]","[[2, 1, 3], [7, 4, 6], [8, 0, 5]]"
469,"[[2, 1, 3], [7, 8, 5], [0, 4, 6]]","[[2, 1, 3], [7, 8, 5], [4, 0, 6]]"
470,"[[2, 1, 3], [0, 8, 5], [6, 7, 4]]","[[2, 1, 3], [8, 0, 5], [6, 7, 4]]"
471,"[[2, 1, 3], [8, 0, 5], [7, 4, 6]]","[[2, 1, 3], [8, 4, 5], [7, 0, 6]]"
472,"[[2, 1, 3], [8, 0, 5], [7, 4, 6]]","[[2, 1, 3], [8, 5, 0], [7, 4, 6]]"
473,"[[2, 1, 3], [0, 7, 5], [8, 6, 4]]","[[2, 1, 3], [8, 7, 5], [0, 6, 4]]"
474,"[[2, 0, 3], [7, 1, 5], [8, 6, 4]]","[[2, 3, 0], [7, 1, 5], [8, 6, 4]]"
475,"[[2, 3, 0], [4, 1, 5], [7, 6, 8]]","[[2, 3, 5], [4, 1, 0], [7, 6, 8]]"
476,"[[2, 3, 5], [6, 1, 0], [7, 8, 4]]","[[2, 3, 5], [6, 0, 1], [7, 8, 4]]"
477,"[[3, 2, 5], [7, 1, 6], [8, 0, 4]]","[[3, 2, 5], [7, 1, 6], [8, 4, 0]]"
478,"[[3, 5, 6], [1, 8, 2], [7, 0, 4]]","[[3, 5, 6], [1, 8, 2], [7, 4, 0]]"
479,"[[6, 2, 0], [1, 5, 3], [7, 8, 4]]","[[6, 0, 2], [1, 5, 3], [7, 8, 4]]"
480,"[[0, 2, 1], [6, 5, 3], [7, 8, 4]]","[[6, 2, 1], [0, 5, 3], [7, 8, 4]]"
481,"[[6, 3, 5], [1, 2, 0], [7, 8, 4]]","[[6, 3, 5], [1, 0, 2], [7, 8, 4]]"
482,"[[1, 0, 3], [2, 4, 6], [7, 8, 5]]","[[0, 1, 3], [2, 4, 6], [7, 8, 5]]"
483,"[[2, 0, 1], [4, 5, 3], [7, 6, 8]]","[[0, 2, 1], [4, 5, 3], [7, 6, 8]]"
484,"[[1, 4, 3], [0, 2, 6], [7, 8, 5]]","[[0, 4, 3], [1, 2, 6], [7, 8, 5]]"
485,"[[1, 3, 0], [7, 4, 5], [6, 2, 8]]","[[1, 0, 3], [7, 4, 5], [6, 2, 8]]"
486,"[[1, 2, 3], [7, 4, 5], [8, 0, 6]]","[[1, 2, 3], [7, 4, 5], [0, 8, 6]]"
487,"[[1, 2, 3], [7, 5, 0], [8, 4, 6]]","[[1, 2, 3], [7, 5, 6], [8, 4, 0]]"
488,"[[1, 0, 3], [2, 4, 6], [7, 8, 5]]","[[1, 3, 0], [2, 4, 6], [7, 8, 5]]"
489,"[[1, 3, 5], [6, 7, 0], [2, 8, 4]]","[[1, 3, 0], [6, 7, 5], [2, 8, 4]]"
490,"[[1, 3, 5], [6, 4, 8], [2, 0, 7]]","[[1, 3, 5], [6, 0, 8], [2, 4, 7]]"
491,"[[1, 4, 3], [6, 0, 5], [2, 7, 8]]","[[1, 4, 3], [6, 5, 0], [2, 7, 8]]"
492,"[[1, 4, 3], [0, 2, 6], [7, 8, 5]]","[[1, 4, 3], [7, 2, 6], [0, 8, 5]]"
493,"[[1, 5, 4], [2, 6, 3], [0, 7, 8]]","[[1, 5, 4], [0, 6, 3], [2, 7, 8]]"
494,"[[1, 5, 4], [6, 3, 0], [2, 7, 8]]","[[1, 5, 4], [6, 0, 3], [2, 7, 8]]"
495,"[[1, 5, 4], [7, 2, 3], [0, 6, 8]]","[[1, 5, 4], [7, 2, 3], [6, 0, 8]]"
496,"[[2, 1, 3], [4, 0, 6], [7, 8, 5]]","[[2, 0, 3], [4, 1, 6], [7, 8, 5]]"
497,"[[2, 1, 5], [7, 0, 6], [8, 3, 4]]","[[2, 0, 5], [7, 1, 6], [8, 3, 4]]"
498,"[[2, 1, 3], [4, 0, 6], [7, 8, 5]]","[[2, 1, 3], [0, 4, 6], [7, 8, 5]]"
499,"[[2, 1, 3], [4, 0, 6], [7, 8, 5]]","[[2, 1, 3], [4, 8, 6], [7, 0, 5]]"
500,"[[2, 1, 5], [7, 0, 6], [8, 3, 4]]","[[2, 1, 5], [0, 7, 6], [8, 3, 4]]"
501,"[[2, 1, 5], [3, 8, 6], [0, 7, 4]]","[[2, 1, 5], [0, 8, 6], [3, 7, 4]]"
502,"[[2, 1, 5], [7, 3, 4], [6, 0, 8]]","[[2, 1, 5], [7, 0, 4], [6, 3, 8]]"
503,"[[2, 1, 5], [7, 0, 6], [8, 3, 4]]","[[2, 1, 5], [7, 6, 0], [8, 3, 4]]"
504,"[[3, 5, 4], [1, 6, 0], [2, 7, 8]]","[[3, 5, 4], [1, 0, 6], [2, 7, 8]]"
505,"[[4, 2, 3], [1, 6, 5], [7, 0, 8]]","[[4, 2, 3], [1, 6, 5], [7, 8, 0]]"
506,"[[0, 5, 4], [1, 2, 3], [7, 6, 8]]","[[5, 0, 4], [1, 2, 3], [7, 6, 8]]"
507,"[[1, 0, 5], [7, 3, 2], [8, 4, 6]]","[[0, 1, 5], [7, 3, 2], [8, 4, 6]]"
508,"[[3, 2, 5], [0, 8, 6], [1, 7, 4]]","[[0, 2, 5], [3, 8, 6], [1, 7, 4]]"
509,"[[1, 3, 5], [0, 7, 2], [8, 4, 6]]","[[0, 3, 5], [1, 7, 2], [8, 4, 6]]"
510,"[[3, 5, 6], [0, 1, 2], [7, 8, 4]]","[[0, 5, 6], [3, 1, 2], [7, 8, 4]]"
511,"[[1, 8, 0], [2, 5, 3], [7, 4, 6]]","[[1, 0, 8], [2, 5, 3], [7, 4, 6]]"
512,"[[0, 3, 2], [1, 6, 5], [7, 8, 4]]","[[1, 3, 2], [0, 6, 5], [7, 8, 4]]"
513,"[[1, 3, 5], [7, 2, 8], [4, 0, 6]]","[[1, 3, 5], [7, 0, 8], [4, 2, 6]]"
514,"[[1, 3, 5], [7, 2, 8], [4, 0, 6]]","[[1, 3, 5], [7, 2, 8], [4, 6, 0]]"
515,"[[1, 3, 5], [0, 7, 2], [8, 4, 6]]","[[1, 3, 5], [8, 7, 2], [0, 4, 6]]"
516,"[[1, 4, 3], [2, 5, 8], [0, 7, 6]]","[[1, 4, 3], [0, 5, 8], [2, 7, 6]]"
517,"[[1, 6, 3], [5, 0, 4], [2, 7, 8]]","[[1, 6, 3], [5, 7, 4], [2, 0, 8]]"
518,"[[1, 8, 3], [2, 4, 5], [0, 7, 6]]","[[1, 8, 3], [0, 4, 5], [2, 7, 6]]"
519,"[[1, 8, 3], [2, 4, 5], [7, 6, 0]]","[[1, 8, 3], [2, 4, 0], [7, 6, 5]]"
520,"[[2, 1, 3], [7, 0, 6], [8, 4, 5]]","[[2, 0, 3], [7, 1, 6], [8, 4, 5]]"
521,"[[2, 1, 3], [8, 0, 5], [7, 4, 6]]","[[2, 0, 3], [8, 1, 5], [7, 4, 6]]"
522,"[[2, 1, 3], [7, 0, 6], [8, 4, 5]]","[[2, 1, 3], [0, 7, 6], [8, 4, 5]]"
523,"[[2, 1, 3], [7, 5, 4], [8, 6, 0]]","[[2, 1, 3], [7, 5, 4], [8, 0, 6]]"
524,"[[2, 5, 1], [6, 0, 3], [7, 8, 4]]","[[2, 5, 1], [0, 6, 3], [7, 8, 4]]"
525,"[[3, 2, 5], [7, 1, 6], [8, 0, 4]]","[[3, 2, 5], [7, 0, 6], [8, 1, 4]]"
526,"[[3, 2, 5], [0, 8, 6], [1, 7, 4]]","[[3, 2, 5], [8, 0, 6], [1, 7, 4]]"
527,"[[3, 5, 6], [1, 8, 2], [7, 0, 4]]","[[3, 5, 6], [1, 8, 2], [0, 7, 4]]"
528,"[[3, 5, 6], [0, 1, 2], [7, 8, 4]]","[[3, 5, 6], [7, 1, 2], [0, 8, 4]]"
529,"[[4, 3, 0], [1, 2, 5], [7, 6, 8]]","[[4, 3, 5], [1, 2, 0], [7, 6, 8]]"
530,"[[0, 6, 3], [1, 5, 4], [2, 7, 8]]","[[6, 0, 3], [1, 5, 4], [2, 7, 8]]"
531,"[[6, 2, 3], [1, 8, 5], [7, 4, 0]]","[[6, 2, 3], [1, 8, 0], [7, 4, 5]]"
532,"[[0, 1, 3], [7, 2, 5], [8, 4, 6]]","[[7, 1, 3], [0, 2, 5], [8, 4, 6]]"
533,"[[0, 8, 3], [1, 2, 5], [7, 4, 6]]","[[8, 0, 3], [1, 2, 5], [7, 4, 6]]"
534,"[[2, 1, 3], [0, 6, 5], [4, 7, 8]]","[[0, 1, 3], [2, 6, 5], [4, 7, 8]]"
535,"[[1, 0, 6], [2, 4, 3], [7, 5, 8]]","[[0, 1, 6], [2, 4, 3], [7, 5, 8]]"
536,"[[1, 2, 3], [7, 5, 0], [8, 4, 6]]","[[1, 2, 0], [7, 5, 3], [8, 4, 6]]"
537,"[[1, 2, 3], [7, 4, 5], [8, 0, 6]]","[[1, 2, 3], [7, 4, 5], [8, 6, 0]]"
538,"[[1, 3, 5], [6, 7, 0], [2, 8, 4]]","[[1, 3, 5], [6, 0, 7], [2, 8, 4]]"
539,"[[1, 4, 3], [2, 8, 6], [7, 0, 5]]","[[1, 4, 3], [2, 8, 6], [7, 5, 0]]"
540,"[[1, 4, 3], [6, 0, 5], [2, 7, 8]]","[[1, 4, 3], [6, 7, 5], [2, 0, 8]]"
541,"[[1, 0, 6], [2, 4, 3], [7, 5, 8]]","[[1, 4, 6], [2, 0, 3], [7, 5, 8]]"
542,"[[1, 5, 4], [6, 3, 0], [2, 7, 8]]","[[1, 5, 4], [6, 3, 8], [2, 7, 0]]"
543,"[[2, 1, 3], [6, 4, 0], [7, 5, 8]]","[[2, 1, 0], [6, 4, 3], [7, 5, 8]]"
544,"[[2, 1, 3], [0, 6, 5], [4, 7, 8]]","[[2, 1, 3], [6, 0, 5], [4, 7, 8]]"
545,"[[2, 1, 3], [6, 4, 0], [7, 5, 8]]","[[2, 1, 3], [6, 4, 8], [7, 5, 0]]"
546,"[[2, 1, 3], [0, 6, 4], [7, 5, 8]]","[[2, 1, 3], [7, 6, 4], [0, 5, 8]]"
547,"[[2, 0, 1], [4, 5, 3], [7, 6, 8]]","[[2, 5, 1], [4, 0, 3], [7, 6, 8]]"
548,"[[3, 5, 4], [1, 0, 2], [7, 6, 8]]","[[3, 0, 4], [1, 5, 2], [7, 6, 8]]"
549,"[[0, 3, 5], [1, 4, 8], [2, 7, 6]]","[[3, 0, 5], [1, 4, 8], [2, 7, 6]]"
550,"[[3, 5, 4], [1, 2, 8], [7, 6, 0]]","[[3, 5, 4], [1, 2, 8], [7, 0, 6]]"
551,"[[3, 5, 4], [1, 0, 2], [7, 6, 8]]","[[3, 5, 4], [1, 6, 2], [7, 0, 8]]"
552,"[[3, 5, 4], [1, 6, 0], [2, 7, 8]]","[[3, 5, 4], [1, 6, 8], [2, 7, 0]]"
553,"[[3, 6, 5], [1, 4, 0], [2, 7, 8]]","[[3, 6, 0], [1, 4, 5], [2, 7, 8]]"
554,"[[4, 2, 3], [1, 5, 0], [7, 6, 8]]","[[4, 2, 0], [1, 5, 3], [7, 6, 8]]"
555,"[[4, 2, 3], [1, 5, 0], [7, 6, 8]]","[[4, 2, 3], [1, 5, 8], [7, 6, 0]]"
556,"[[4, 2, 3], [1, 6, 5], [7, 0, 8]]","[[4, 2, 3], [1, 6, 5], [0, 7, 8]]"
557,"[[0, 1, 3], [6, 4, 5], [2, 7, 8]]","[[6, 1, 3], [0, 4, 5], [2, 7, 8]]"
558,"[[3, 0, 2], [1, 4, 5], [7, 6, 8]]","[[0, 3, 2], [1, 4, 5], [7, 6, 8]]"
559,"[[1, 5, 6], [0, 3, 4], [2, 7, 8]]","[[0, 5, 6], [1, 3, 4], [2, 7, 8]]"
560,"[[1, 5, 6], [0, 8, 3], [2, 7, 4]]","[[0, 5, 6], [1, 8, 3], [2, 7, 4]]"
561,"[[1, 6, 3], [7, 0, 2], [8, 4, 5]]","[[1, 0, 3], [7, 6, 2], [8, 4, 5]]"
562,"[[1, 6, 0], [7, 2, 3], [8, 4, 5]]","[[1, 0, 6], [7, 2, 3], [8, 4, 5]]"
563,"[[1, 3, 5], [7, 4, 2], [0, 8, 6]]","[[1, 3, 5], [0, 4, 2], [7, 8, 6]]"
564,"[[1, 3, 5], [7, 6, 4], [8, 0, 2]]","[[1, 3, 5], [7, 6, 4], [0, 8, 2]]"
565,"[[0, 3, 6], [1, 5, 2], [7, 8, 4]]","[[1, 3, 6], [0, 5, 2], [7, 8, 4]]"
566,"[[1, 4, 3], [7, 2, 5], [6, 8, 0]]","[[1, 4, 3], [7, 2, 0], [6, 8, 5]]"
567,"[[1, 5, 6], [0, 3, 4], [2, 7, 8]]","[[1, 5, 6], [3, 0, 4], [2, 7, 8]]"
568,"[[1, 5, 6], [7, 2, 3], [8, 4, 0]]","[[1, 5, 6], [7, 2, 0], [8, 4, 3]]"
569,"[[1, 5, 6], [7, 3, 0], [8, 2, 4]]","[[1, 5, 6], [7, 3, 4], [8, 2, 0]]"
570,"[[1, 5, 6], [0, 8, 3], [2, 7, 4]]","[[1, 5, 6], [8, 0, 3], [2, 7, 4]]"
571,"[[1, 6, 3], [7, 0, 2], [8, 4, 5]]","[[1, 6, 3], [7, 4, 2], [8, 0, 5]]"
572,"[[1, 6, 3], [7, 5, 4], [8, 2, 0]]","[[1, 6, 3], [7, 5, 4], [8, 0, 2]]"
573,"[[2, 1, 3], [6, 0, 8], [7, 4, 5]]","[[2, 1, 3], [0, 6, 8], [7, 4, 5]]"
574,"[[2, 1, 3], [6, 0, 8], [7, 4, 5]]","[[2, 1, 3], [6, 4, 8], [7, 0, 5]]"
575,"[[2, 1, 3], [7, 4, 5], [6, 8, 0]]","[[2, 1, 3], [7, 4, 0], [6, 8, 5]]"
576,"[[2, 5, 1], [6, 0, 3], [7, 8, 4]]","[[2, 5, 1], [6, 3, 0], [7, 8, 4]]"
577,"[[2, 5, 1], [6, 0, 3], [7, 8, 4]]","[[2, 5, 1], [6, 8, 3], [7, 0, 4]]"
578,"[[3, 2, 0], [1, 8, 5], [7, 4, 6]]","[[3, 0, 2], [1, 8, 5], [7, 4, 6]]"
579,"[[3, 0, 5], [1, 2, 8], [7, 4, 6]]","[[3, 5, 0], [1, 2, 8], [7, 4, 6]]"
580,"[[5, 2, 6], [1, 0, 3], [7, 8, 4]]","[[5, 2, 6], [0, 1, 3], [7, 8, 4]]"
581,"[[5, 2, 6], [1, 0, 3], [7, 8, 4]]","[[5, 2, 6], [1, 3, 0], [7, 8, 4]]"
582,"[[5, 2, 6], [1, 0, 3], [7, 8, 4]]","[[5, 2, 6], [1, 8, 3], [7, 0, 4]]"
583,"[[2, 0, 3], [6, 1, 4], [7, 5, 8]]","[[0, 2, 3], [6, 1, 4], [7, 5, 8]]"
584,"[[1, 3, 5], [7, 0, 2], [6, 8, 4]]","[[1, 0, 5], [7, 3, 2], [6, 8, 4]]"
585,"[[1, 2, 3], [7, 4, 5], [0, 8, 6]]","[[1, 2, 3], [0, 4, 5], [7, 8, 6]]"
586,"[[1, 3, 4], [2, 6, 0], [7, 5, 8]]","[[1, 3, 4], [2, 0, 6], [7, 5, 8]]"
587,"[[1, 3, 5], [7, 0, 2], [6, 8, 4]]","[[1, 3, 5], [0, 7, 2], [6, 8, 4]]"
588,"[[1, 3, 5], [7, 0, 2], [6, 8, 4]]","[[1, 3, 5], [7, 8, 2], [6, 0, 4]]"
589,"[[1, 4, 3], [2, 8, 6], [7, 0, 5]]","[[1, 4, 3], [2, 8, 6], [0, 7, 5]]"
590,"[[1, 6, 3], [7, 2, 4], [5, 0, 8]]","[[1, 6, 3], [7, 2, 4], [5, 8, 0]]"
591,"[[2, 1, 0], [4, 6, 3], [7, 8, 5]]","[[2, 0, 1], [4, 6, 3], [7, 8, 5]]"
592,"[[2, 1, 3], [4, 0, 8], [7, 5, 6]]","[[2, 1, 3], [4, 8, 0], [7, 5, 6]]"
593,"[[3, 2, 5], [7, 1, 4], [0, 6, 8]]","[[3, 2, 5], [7, 1, 4], [6, 0, 8]]"
594,"[[3, 5, 4], [1, 0, 2], [7, 6, 8]]","[[3, 5, 4], [0, 1, 2], [7, 6, 8]]"
595,"[[3, 6, 5], [1, 4, 0], [2, 7, 8]]","[[3, 6, 5], [1, 4, 8], [2, 7, 0]]"
596,"[[4, 2, 3], [0, 1, 5], [7, 6, 8]]","[[4, 2, 3], [7, 1, 5], [0, 6, 8]]"
597,"[[6, 0, 3], [1, 2, 4], [7, 5, 8]]","[[6, 2, 3], [1, 0, 4], [7, 5, 8]]"
598,"[[6, 2, 3], [1, 5, 4], [7, 0, 8]]","[[6, 2, 3], [1, 5, 4], [0, 7, 8]]"
599,"[[2, 0, 3], [4, 1, 6], [7, 8, 5]]","[[0, 2, 3], [4, 1, 6], [7, 8, 5]]"
600,"[[1, 5, 0], [2, 8, 6], [7, 4, 3]]","[[1, 0, 5], [2, 8, 6], [7, 4, 3]]"
601,"[[1, 5, 6], [7, 0, 3], [8, 2, 4]]","[[1, 0, 6], [7, 5, 3], [8, 2, 4]]"
602,"[[1, 3, 5], [4, 8, 0], [2, 7, 6]]","[[1, 3, 0], [4, 8, 5], [2, 7, 6]]"
603,"[[1, 3, 5], [4, 8, 0], [2, 7, 6]]","[[1, 3, 5], [4, 8, 6], [2, 7, 0]]"
604,"[[1, 3, 5], [7, 6, 4], [8, 0, 2]]","[[1, 3, 5], [7, 0, 4], [8, 6, 2]]"
605,"[[1, 4, 3], [7, 0, 5], [6, 2, 8]]","[[1, 4, 3], [7, 5, 0], [6, 2, 8]]"
606,"[[1, 5, 4], [2, 6, 0], [7, 8, 3]]","[[1, 5, 0], [2, 6, 4], [7, 8, 3]]"
607,"[[1, 5, 4], [2, 6, 0], [7, 8, 3]]","[[1, 5, 4], [2, 0, 6], [7, 8, 3]]"
608,"[[1, 5, 8], [2, 3, 0], [7, 4, 6]]","[[1, 5, 8], [2, 0, 3], [7, 4, 6]]"
609,"[[1, 5, 8], [2, 3, 0], [7, 4, 6]]","[[1, 5, 8], [2, 3, 6], [7, 4, 0]]"
610,"[[1, 6, 3], [7, 0, 2], [8, 4, 5]]","[[1, 6, 3], [0, 7, 2], [8, 4, 5]]"
611,"[[1, 6, 3], [8, 5, 0], [2, 7, 4]]","[[1, 6, 3], [8, 5, 4], [2, 7, 0]]"
612,"[[2, 1, 0], [6, 8, 3], [7, 4, 5]]","[[2, 0, 1], [6, 8, 3], [7, 4, 5]]"
613,"[[2, 1, 0], [7, 6, 3], [8, 4, 5]]","[[2, 0, 1], [7, 6, 3], [8, 4, 5]]"
614,"[[2, 1, 3], [6, 0, 8], [7, 4, 5]]","[[2, 0, 3], [6, 1, 8], [7, 4, 5]]"
615,"[[2, 1, 3], [4, 8, 6], [7, 0, 5]]","[[2, 1, 3], [4, 8, 6], [7, 5, 0]]"
616,"[[2, 1, 3], [7, 0, 5], [6, 4, 8]]","[[2, 1, 3], [7, 5, 0], [6, 4, 8]]"
617,"[[3, 5, 6], [1, 0, 4], [7, 2, 8]]","[[3, 0, 6], [1, 5, 4], [7, 2, 8]]"
618,"[[3, 0, 2], [1, 4, 5], [7, 6, 8]]","[[3, 4, 2], [1, 0, 5], [7, 6, 8]]"
619,"[[3, 5, 6], [1, 0, 4], [7, 2, 8]]","[[3, 5, 6], [1, 4, 0], [7, 2, 8]]"
620,"[[3, 6, 2], [1, 0, 5], [7, 8, 4]]","[[3, 6, 2], [1, 5, 0], [7, 8, 4]]"
621,"[[0, 4, 3], [1, 6, 5], [2, 7, 8]]","[[4, 0, 3], [1, 6, 5], [2, 7, 8]]"
622,"[[5, 6, 0], [1, 2, 3], [7, 8, 4]]","[[5, 6, 3], [1, 2, 0], [7, 8, 4]]"
623,"[[6, 2, 3], [1, 8, 5], [0, 7, 4]]","[[6, 2, 3], [0, 8, 5], [1, 7, 4]]"
624,"[[6, 2, 3], [7, 1, 5], [0, 8, 4]]","[[6, 2, 3], [7, 1, 5], [8, 0, 4]]"
625,"[[2, 1, 3], [0, 5, 4], [6, 7, 8]]","[[0, 1, 3], [2, 5, 4], [6, 7, 8]]"
626,"[[1, 2, 3], [0, 7, 5], [8, 4, 6]]","[[0, 2, 3], [1, 7, 5], [8, 4, 6]]"
627,"[[2, 0, 6], [5, 1, 3], [7, 8, 4]]","[[0, 2, 6], [5, 1, 3], [7, 8, 4]]"
628,"[[1, 5, 4], [2, 0, 8], [7, 3, 6]]","[[1, 0, 4], [2, 5, 8], [7, 3, 6]]"
629,"[[1, 2, 3], [7, 5, 6], [8, 4, 0]]","[[1, 2, 3], [7, 5, 6], [8, 0, 4]]"
630,"[[1, 2, 3], [0, 7, 5], [8, 4, 6]]","[[1, 2, 3], [8, 7, 5], [0, 4, 6]]"
631,"[[1, 3, 4], [2, 6, 0], [7, 5, 8]]","[[1, 3, 4], [2, 6, 8], [7, 5, 0]]"
632,"[[1, 3, 5], [7, 4, 8], [6, 2, 0]]","[[1, 3, 5], [7, 4, 8], [6, 0, 2]]"
633,"[[1, 3, 5], [8, 6, 4], [2, 7, 0]]","[[1, 3, 5], [8, 6, 4], [2, 0, 7]]"
634,"[[1, 3, 5], [8, 7, 6], [2, 4, 0]]","[[1, 3, 5], [8, 7, 0], [2, 4, 6]]"
635,"[[1, 5, 4], [2, 0, 8], [7, 3, 6]]","[[1, 5, 4], [0, 2, 8], [7, 3, 6]]"
636,"[[1, 5, 4], [2, 0, 8], [7, 3, 6]]","[[1, 5, 4], [2, 8, 0], [7, 3, 6]]"
637,"[[1, 5, 0], [8, 3, 6], [2, 7, 4]]","[[1, 5, 6], [8, 3, 0], [2, 7, 4]]"
638,"[[1, 6, 3], [7, 2, 4], [5, 0, 8]]","[[1, 6, 3], [7, 0, 4], [5, 2, 8]]"
639,"[[1, 8, 3], [2, 5, 6], [7, 0, 4]]","[[1, 8, 3], [2, 0, 6], [7, 5, 4]]"
640,"[[1, 8, 3], [2, 5, 6], [7, 0, 4]]","[[1, 8, 3], [2, 5, 6], [0, 7, 4]]"
641,"[[2, 1, 0], [3, 4, 5], [7, 6, 8]]","[[2, 0, 1], [3, 4, 5], [7, 6, 8]]"
642,"[[2, 1, 3], [4, 0, 8], [7, 5, 6]]","[[2, 0, 3], [4, 1, 8], [7, 5, 6]]"
643,"[[2, 1, 6], [5, 3, 0], [7, 8, 4]]","[[2, 1, 0], [5, 3, 6], [7, 8, 4]]"
644,"[[2, 1, 3], [4, 0, 8], [7, 5, 6]]","[[2, 1, 3], [0, 4, 8], [7, 5, 6]]"
645,"[[2, 1, 3], [4, 5, 8], [0, 7, 6]]","[[2, 1, 3], [0, 5, 8], [4, 7, 6]]"
646,"[[2, 1, 3], [0, 5, 4], [6, 7, 8]]","[[2, 1, 3], [5, 0, 4], [6, 7, 8]]"
647,"[[2, 1, 3], [7, 8, 5], [4, 0, 6]]","[[2, 1, 3], [7, 0, 5], [4, 8, 6]]"
648,"[[2, 1, 3], [7, 4, 6], [8, 0, 5]]","[[2, 1, 3], [7, 4, 6], [0, 8, 5]]"
649,"[[2, 1, 3], [7, 4, 6], [8, 0, 5]]","[[2, 1, 3], [7, 4, 6], [8, 5, 0]]"
650,"[[2, 1, 3], [8, 5, 0], [7, 4, 6]]","[[2, 1, 3], [8, 5, 6], [7, 4, 0]]"
651,"[[2, 1, 6], [5, 3, 0], [7, 8, 4]]","[[2, 1, 6], [5, 3, 4], [7, 8, 0]]"
652,"[[2, 1, 6], [5, 8, 3], [7, 0, 4]]","[[2, 1, 6], [5, 8, 3], [7, 4, 0]]"
653,"[[2, 1, 6], [7, 5, 3], [8, 0, 4]]","[[2, 1, 6], [7, 5, 3], [8, 4, 0]]"
654,"[[2, 0, 3], [6, 1, 4], [7, 5, 8]]","[[2, 3, 0], [6, 1, 4], [7, 5, 8]]"
655,"[[3, 5, 0], [1, 8, 6], [2, 7, 4]]","[[3, 5, 6], [1, 8, 0], [2, 7, 4]]"
656,"[[3, 6, 5], [1, 7, 4], [2, 0, 8]]","[[3, 6, 5], [1, 7, 4], [0, 2, 8]]"
657,"[[3, 6, 5], [1, 7, 4], [2, 0, 8]]","[[3, 6, 5], [1, 7, 4], [2, 8, 0]]"
658,"[[3, 6, 5], [0, 1, 4], [2, 7, 8]]","[[3, 6, 5], [2, 1, 4], [0, 7, 8]]"
659,"[[0, 4, 3], [1, 2, 6], [7, 8, 5]]","[[4, 0, 3], [1, 2, 6], [7, 8, 5]]"
660,"[[4, 2, 3], [1, 6, 5], [7, 8, 0]]","[[4, 2, 3], [1, 6, 0], [7, 8, 5]]"
661,"[[6, 1, 5], [0, 3, 4], [2, 7, 8]]","[[6, 1, 5], [2, 3, 4], [0, 7, 8]]"
662,"[[6, 0, 3], [1, 2, 4], [7, 5, 8]]","[[6, 3, 0], [1, 2, 4], [7, 5, 8]]"
663,"[[1, 0, 3], [8, 6, 5], [2, 7, 4]]","[[0, 1, 3], [8, 6, 5], [2, 7, 4]]"
664,"[[2, 0, 1], [3, 6, 5], [7, 8, 4]]","[[0, 2, 1], [3, 6, 5], [7, 8, 4]]"
665,"[[1, 5, 0], [2, 4, 6], [7, 3, 8]]","[[1, 0, 5], [2, 4, 6], [7, 3, 8]]"
666,"[[1, 5, 6], [2, 0, 8], [7, 4, 3]]","[[1, 0, 6], [2, 5, 8], [7, 4, 3]]"
667,"[[1, 2, 3], [0, 4, 5], [7, 8, 6]]","[[1, 2, 3], [4, 0, 5], [7, 8, 6]]"
668,"[[1, 0, 3], [7, 2, 5], [6, 8, 4]]","[[1, 2, 3], [7, 0, 5], [6, 8, 4]]"
669,"[[1, 4, 3], [7, 0, 5], [6, 2, 8]]","[[1, 4, 3], [0, 7, 5], [6, 2, 8]]"
670,"[[1, 5, 6], [2, 0, 8], [7, 4, 3]]","[[1, 5, 6], [0, 2, 8], [7, 4, 3]]"
671,"[[1, 5, 6], [7, 0, 3], [8, 2, 4]]","[[1, 5, 6], [0, 7, 3], [8, 2, 4]]"
672,"[[1, 5, 6], [2, 0, 8], [7, 4, 3]]","[[1, 5, 6], [2, 4, 8], [7, 0, 3]]"
673,"[[1, 6, 3], [8, 5, 0], [2, 7, 4]]","[[1, 6, 0], [8, 5, 3], [2, 7, 4]]"
674,"[[1, 6, 3], [7, 2, 8], [0, 4, 5]]","[[1, 6, 3], [7, 2, 8], [4, 0, 5]]"
675,"[[1, 8, 6], [2, 0, 3], [7, 4, 5]]","[[1, 8, 6], [0, 2, 3], [7, 4, 5]]"
676,"[[1, 8, 6], [2, 0, 3], [7, 4, 5]]","[[1, 8, 6], [2, 4, 3], [7, 0, 5]]"
677,"[[2, 1, 0], [7, 5, 3], [8, 6, 4]]","[[2, 0, 1], [7, 5, 3], [8, 6, 4]]"
678,"[[2, 1, 3], [7, 0, 5], [6, 4, 8]]","[[2, 0, 3], [7, 1, 5], [6, 4, 8]]"
679,"[[2, 1, 5], [3, 8, 0], [7, 4, 6]]","[[2, 1, 0], [3, 8, 5], [7, 4, 6]]"
680,"[[2, 1, 5], [7, 3, 0], [8, 4, 6]]","[[2, 1, 0], [7, 3, 5], [8, 4, 6]]"
681,"[[2, 1, 3], [7, 0, 5], [6, 4, 8]]","[[2, 1, 3], [0, 7, 5], [6, 4, 8]]"
682,"[[2, 1, 3], [4, 8, 6], [7, 0, 5]]","[[2, 1, 3], [4, 8, 6], [0, 7, 5]]"
683,"[[2, 1, 5], [7, 3, 0], [8, 4, 6]]","[[2, 1, 5], [7, 0, 3], [8, 4, 6]]"
684,"[[0, 1, 6], [2, 8, 3], [7, 4, 5]]","[[2, 1, 6], [0, 8, 3], [7, 4, 5]]"
685,"[[2, 0, 3], [4, 1, 6], [7, 8, 5]]","[[2, 3, 0], [4, 1, 6], [7, 8, 5]]"
686,"[[2, 5, 6], [3, 1, 0], [7, 8, 4]]","[[2, 5, 6], [3, 1, 4], [7, 8, 0]]"
687,"[[3, 2, 5], [1, 0, 8], [7, 4, 6]]","[[3, 2, 5], [0, 1, 8], [7, 4, 6]]"
688,"[[3, 2, 5], [1, 4, 8], [7, 0, 6]]","[[3, 2, 5], [1, 4, 8], [0, 7, 6]]"
689,"[[3, 5, 6], [1, 0, 4], [7, 2, 8]]","[[3, 5, 6], [0, 1, 4], [7, 2, 8]]"
690,"[[3, 5, 6], [1, 2, 4], [0, 7, 8]]","[[3, 5, 6], [0, 2, 4], [1, 7, 8]]"
691,"[[3, 6, 2], [1, 0, 5], [7, 8, 4]]","[[3, 6, 2], [0, 1, 5], [7, 8, 4]]"
692,"[[3, 6, 2], [1, 0, 5], [7, 8, 4]]","[[3, 6, 2], [1, 8, 5], [7, 0, 4]]"
693,"[[0, 1, 3], [7, 6, 5], [8, 2, 4]]","[[7, 1, 3], [0, 6, 5], [8, 2, 4]]"
694,"[[1, 0, 3], [2, 4, 8], [7, 5, 6]]","[[0, 1, 3], [2, 4, 8], [7, 5, 6]]"
695,"[[1, 4, 3], [0, 2, 8], [7, 5, 6]]","[[0, 4, 3], [1, 2, 8], [7, 5, 6]]"
696,"[[6, 0, 2], [1, 5, 3], [7, 8, 4]]","[[0, 6, 2], [1, 5, 3], [7, 8, 4]]"
697,"[[3, 6, 5], [0, 1, 4], [2, 7, 8]]","[[0, 6, 5], [3, 1, 4], [2, 7, 8]]"
698,"[[1, 0, 3], [2, 4, 8], [7, 5, 6]]","[[1, 3, 0], [2, 4, 8], [7, 5, 6]]"
699,"[[1, 3, 0], [2, 4, 6], [7, 8, 5]]","[[1, 3, 6], [2, 4, 0], [7, 8, 5]]"
700,"[[1, 4, 3], [2, 8, 0], [7, 5, 6]]","[[1, 4, 0], [2, 8, 3], [7, 5, 6]]"
701,"[[1, 4, 3], [7, 2, 6], [0, 8, 5]]","[[1, 4, 3], [7, 2, 6], [8, 0, 5]]"
702,"[[1, 4, 3], [0, 2, 8], [7, 5, 6]]","[[1, 4, 3], [7, 2, 8], [0, 5, 6]]"
703,"[[1, 5, 4], [2, 3, 8], [0, 7, 6]]","[[1, 5, 4], [0, 3, 8], [2, 7, 6]]"
704,"[[1, 5, 0], [7, 3, 4], [6, 2, 8]]","[[1, 5, 4], [7, 3, 0], [6, 2, 8]]"
705,"[[1, 8, 3], [7, 2, 5], [4, 0, 6]]","[[1, 8, 3], [7, 0, 5], [4, 2, 6]]"
706,"[[1, 8, 3], [7, 2, 5], [4, 0, 6]]","[[1, 8, 3], [7, 2, 5], [4, 6, 0]]"
707,"[[2, 1, 3], [8, 5, 0], [7, 4, 6]]","[[2, 1, 0], [8, 5, 3], [7, 4, 6]]"
708,"[[2, 1, 3], [7, 5, 4], [8, 0, 6]]","[[2, 1, 3], [7, 5, 4], [0, 8, 6]]"
709,"[[2, 1, 3], [7, 8, 5], [4, 0, 6]]","[[2, 1, 3], [7, 8, 5], [4, 6, 0]]"
710,"[[2, 1, 3], [8, 4, 5], [7, 0, 6]]","[[2, 1, 3], [8, 4, 5], [0, 7, 6]]"
711,"[[2, 1, 3], [8, 4, 5], [7, 0, 6]]","[[2, 1, 3], [8, 4, 5], [7, 6, 0]]"
712,"[[2, 1, 5], [3, 4, 8], [7, 6, 0]]","[[2, 1, 5], [3, 4, 8], [7, 0, 6]]"
713,"[[2, 1, 6], [5, 8, 3], [7, 0, 4]]","[[2, 1, 6], [5, 8, 3], [0, 7, 4]]"
714,"[[2, 1, 6], [7, 5, 3], [8, 0, 4]]","[[2, 1, 6], [7, 0, 3], [8, 5, 4]]"
715,"[[2, 0, 6], [5, 1, 3], [7, 8, 4]]","[[2, 6, 0], [5, 1, 3], [7, 8, 4]]"
716,"[[0, 2, 1], [4, 5, 3], [7, 6, 8]]","[[4, 2, 1], [0, 5, 3], [7, 6, 8]]"
717,"[[4, 2, 3], [1, 5, 8], [7, 6, 0]]","[[4, 2, 3], [1, 5, 8], [7, 0, 6]]"
718,"[[6, 1, 5], [0, 3, 4], [2, 7, 8]]","[[6, 1, 5], [3, 0, 4], [2, 7, 8]]"
719,"[[1, 0, 3], [7, 2, 5], [6, 8, 4]]","[[0, 1, 3], [7, 2, 5], [6, 8, 4]]"
720,"[[1, 2, 3], [0, 4, 5], [7, 8, 6]]","[[0, 2, 3], [1, 4, 5], [7, 8, 6]]"
721,"[[1, 2, 3], [4, 0, 5], [7, 8, 6]]","[[1, 2, 3], [4, 5, 0], [7, 8, 6]]"
722,"[[1, 3, 5], [4, 7, 8], [2, 0, 6]]","[[1, 3, 5], [4, 7, 8], [0, 2, 6]]"
723,"[[1, 3, 5], [7, 4, 2], [8, 6, 0]]","[[1, 3, 5], [7, 4, 0], [8, 6, 2]]"
724,"[[1, 3, 0], [2, 6, 8], [7, 4, 5]]","[[1, 3, 8], [2, 6, 0], [7, 4, 5]]"
725,"[[1, 0, 5], [4, 3, 8], [2, 7, 6]]","[[1, 5, 0], [4, 3, 8], [2, 7, 6]]"
726,"[[1, 5, 0], [7, 3, 2], [8, 4, 6]]","[[1, 5, 2], [7, 3, 0], [8, 4, 6]]"
727,"[[1, 6, 3], [2, 4, 8], [0, 7, 5]]","[[1, 6, 3], [0, 4, 8], [2, 7, 5]]"
728,"[[1, 6, 3], [8, 7, 5], [2, 0, 4]]","[[1, 6, 3], [8, 7, 5], [2, 4, 0]]"
729,"[[1, 8, 6], [2, 0, 3], [7, 4, 5]]","[[1, 8, 6], [2, 3, 0], [7, 4, 5]]"
730,"[[2, 1, 4], [0, 5, 3], [7, 6, 8]]","[[2, 1, 4], [5, 0, 3], [7, 6, 8]]"
731,"[[2, 1, 4], [0, 5, 3], [7, 6, 8]]","[[2, 1, 4], [7, 5, 3], [0, 6, 8]]"
732,"[[2, 1, 5], [0, 3, 8], [7, 4, 6]]","[[2, 1, 5], [3, 0, 8], [7, 4, 6]]"
733,"[[2, 1, 5], [0, 3, 8], [7, 4, 6]]","[[2, 1, 5], [7, 3, 8], [0, 4, 6]]"
734,"[[0, 1, 6], [2, 5, 4], [7, 3, 8]]","[[2, 1, 6], [0, 5, 4], [7, 3, 8]]"
735,"[[2, 3, 5], [6, 1, 4], [7, 8, 0]]","[[2, 3, 5], [6, 1, 4], [7, 0, 8]]"
736,"[[2, 5, 6], [3, 1, 0], [7, 8, 4]]","[[2, 5, 6], [3, 0, 1], [7, 8, 4]]"
737,"[[2, 0, 1], [3, 6, 5], [7, 8, 4]]","[[2, 6, 1], [3, 0, 5], [7, 8, 4]]"
738,"[[3, 0, 5], [1, 7, 6], [8, 2, 4]]","[[3, 5, 0], [1, 7, 6], [8, 2, 4]]"
739,"[[0, 6, 3], [1, 2, 8], [7, 4, 5]]","[[6, 0, 3], [1, 2, 8], [7, 4, 5]]"
740,"[[6, 3, 5], [1, 2, 4], [7, 8, 0]]","[[6, 3, 5], [1, 2, 4], [7, 0, 8]]"
741,"[[0, 2, 3], [7, 1, 5], [8, 6, 4]]","[[7, 2, 3], [0, 1, 5], [8, 6, 4]]"
742,"[[1, 0, 3], [5, 6, 4], [2, 7, 8]]","[[0, 1, 3], [5, 6, 4], [2, 7, 8]]"
743,"[[1, 0, 4], [2, 6, 3], [7, 8, 5]]","[[0, 1, 4], [2, 6, 3], [7, 8, 5]]"
744,"[[2, 0, 3], [7, 1, 6], [8, 4, 5]]","[[0, 2, 3], [7, 1, 6], [8, 4, 5]]"
745,"[[2, 0, 3], [8, 1, 5], [7, 4, 6]]","[[0, 2, 3], [8, 1, 5], [7, 4, 6]]"
746,"[[1, 2, 0], [7, 5, 3], [8, 4, 6]]","[[1, 0, 2], [7, 5, 3], [8, 4, 6]]"
747,"[[0, 1, 3], [2, 6, 5], [4, 7, 8]]","[[1, 0, 3], [2, 6, 5], [4, 7, 8]]"
748,"[[1, 2, 3], [4, 5, 0], [7, 8, 6]]","[[1, 2, 3], [4, 5, 6], [7, 8, 0]]"
